"labels","position-ent1-marker","position-ent2-marker","text"
"physical","9","15","Two goals in the last six minutes gave holders <E1:group> Japan </E1:group> an uninspiring 2-1 <E2:assorted> Asian Cup </E2:assorted> victory over Syria on Friday ."
"physical","6","12","Hermawan Susanto ( Indonesia ) beat <E1:causal_agent> Soren B. Nielsen </E1:causal_agent> ( <E2:group> Denmark </E2:group> ) 15-8 15-2"
"related-to","0","5","<E1:group> Alba Berlin </E1:group> ( <E2:group> Germany </E2:group> ) 9 5 4 14"
"physical","29","34","Leading second round scores in the Zimbabwe Open at the par-72 Chapman Golf Club on Friday ( South African unless stated ) : 132 Des Terblanche 65 67 133 <E1:causal_agent> Mark McNulty </E1:causal_agent> ( <E2:object> Zimbabwe </E2:object> ) 72 61 134 Steve van Vuuren 65 69 136 Nick Price ( Zimbabwe ) 68 68 , Justin Hobday 71 65 ,"
"physical","18","26","Semifinals ( on Saturday ) : Susi Susanti ( Indonesia ) v Camilla Martin ( Denmark ) ; <E1:causal_agent> Ye Zhaoying </E1:causal_agent> ( China ) v <E2:causal_agent> Gong Zichao </E2:causal_agent> ( China ) ."
"part-of","1","6","9. <E1:causal_agent> Ljudmila Dymchenko </E1:causal_agent> ( <E2:group> Russia </E2:group> ) 21.59"
"role","0","4","<E1:object> SIALKOT </E1:object> , <E2:group> Pakistan </E2:group> 1996-12-06"
"physical","28","33","Barbarians - 15 - Tim Stimpson ( England ) ; 14 - Nigel Walker ( Wales ) , 13 - Allan Bateman ( Wales ) , 12 - <E1:causal_agent> Gregor Townsend </E1:causal_agent> ( <E2:group> Scotland </E2:group> ) , 11 - Tony Underwood ( England ) ; 10 - Rob Andrew ( England ) , 9 - Rob Howley ( Wales ) ; 8 - Scott Quinnell ( Wales ) , 7 - Neil Back ( England ) , 6 - Dale McIntosh ( Pontypridd ) , 5 - Ian Jones ( New Zealand ) , 4 - Craig Quinnell ( Wales ) , 3 - Darren Garforth ( Leicester ) , 2 - Norm Hewitt ( New Zealand ) , 1 - Nick Popplewell ( Ireland ) ."
"physical","1","6","6. <E1:causal_agent> Donna Weinbrecht </E1:causal_agent> ( <E2:group> U.S. </E2:group> ) 22.48"
"physical","1","6","1. <E1:causal_agent> Jesper Ronnback </E1:causal_agent> ( <E2:group> Sweden </E2:group> ) 25.76 points"
"physical","9","19","Nader Jokhadar headed a cross from the right by <E1:causal_agent> Ammar Awad </E1:causal_agent> into the top right corner of <E2:causal_agent> Kenichi Shimokawa </E2:causal_agent> 's goal ."
"role","20","25","Result of the second leg of the African Cup Winners ' Cup final at the National stadium on Friday : <E1:group> Arab Contractors </E1:group> ( <E2:group> Egypt </E2:group> ) 4 Sodigraf ( Zaire ) 0 ( halftime 2-0 )"
"physical","0","4","<E1:group> MONTREAL </E1:group> AT <E2:group> CHICAGO </E2:group>"
"physical","7","0","<E2:group> Leeds </E2:group> ' England under-21 striker <E1:causal_agent> Lee Bowyer </E1:causal_agent> was fined 4,500 pounds ( $ 7,400 ) on Friday for hurling chairs at restaurant staff during a disturbance at a McDonald 's fast-food restaurant ."
"physical","26","17","Leading second round scores in the Zimbabwe Open at the par-72 Chapman Golf Club on Friday ( <E2:assorted> South African </E2:assorted> unless stated ) : 132 <E1:causal_agent> Des Terblanche </E1:causal_agent> 65 67 133 Mark McNulty ( Zimbabwe ) 72 61 134 Steve van Vuuren 65 69 136 Nick Price ( Zimbabwe ) 68 68 , Justin Hobday 71 65 ,"
"physical","59","0","<E2:group> Australia </E2:group> - 15 - Matthew Burke ; 14 - Joe Roff , 13 - Daniel Herbert , 12 - Tim Horan ( captain ) , 11 - David Campese ; 10 - Pat Howard , 9 - Sam Payne ; 8 - Michael Brial , 7 - David Wilson , 6 - Owen Finegan , 5 - <E1:causal_agent> David Giffin </E1:causal_agent> , 4 - Tim Gavin , 3 - Andrew Blades , 2 - Marco Caputo , 1 - Dan Crowley ."
"role","20","28","Result of the second leg of the African Cup Winners ' Cup final at the National stadium on Friday : <E1:group> Arab Contractors </E1:group> ( Egypt ) 4 <E2:group> Sodigraf </E2:group> ( Zaire ) 0 ( halftime 2-0 )"
"physical","0","8","<E1:causal_agent> Camilla Martin </E1:causal_agent> ( Denmark ) beat <E2:causal_agent> Wang Chen </E2:causal_agent> ( China ) 11-0 12-10"
"physical","0","4","<E1:group> Plymouth </E1:group> 4 <E2:group> Exeter </E2:group> 1"
"physical","7","0","<E2:object> Tasmania </E2:object> 352 for three ( <E1:causal_agent> David Boon </E1:causal_agent> 106 not out , Shaun Young 86 not out , Michael DiVenuto 119 ) v Victoria ."
"role","35","0","<E2:group> West Indies </E2:group> - Sherwin Campbell , Robert Samuels , Brian Lara , Shivnarine Chanderpaul , Carl Hooper , Jimmy Adams , Junior Murray , Nixon McLean , Kenneth Benjamin , Curtly Ambrose , <E1:causal_agent> Courtney Walsh </E1:causal_agent> ( captain ) , Roland Holder 12th man ."
"role","0","4","<E1:group> Limoges </E1:group> ( <E2:group> France </E2:group> ) 9 3 6 12"
"physical","53","17","Leading second round scores in the Zimbabwe Open at the par-72 Chapman Golf Club on Friday ( <E2:assorted> South African </E2:assorted> unless stated ) : 132 Des Terblanche 65 67 133 Mark McNulty ( Zimbabwe ) 72 61 134 Steve van Vuuren 65 69 136 Nick Price ( Zimbabwe ) 68 68 , <E1:causal_agent> Justin Hobday </E1:causal_agent> 71 65 ,"
"role","16","23","Romania trainer Anghel Iordanescu called up three uncapped players on Friday in his squad to face <E1:group> Macedonia </E1:group> next week in a <E2:assorted> World Cup </E2:assorted> qualifier ."
"general-affiliation","7","12","Allan Budi Kuksuma ( Indonesia ) beat <E1:causal_agent> Poul-Erik Hoyer-Larsen </E1:causal_agent> ( <E2:group> Denmark </E2:group> ) 15-7 15-4"
"physical","0","8","<E1:causal_agent> Budi Santoso </E1:causal_agent> ( Indonesia ) beat <E2:causal_agent> Hu Zhilan </E2:causal_agent> ( China ) 15-4 15-5"
"physical","0","4","<E1:group> PITTSBURGH </E1:group> AT <E2:group> WASHINGTON </E2:group>"
"physical","0","21","<E1:causal_agent> Lara </E1:causal_agent> , who earned a stern rebuke from his own tour management after an angry outburst against Australia wicketkeeper <E2:causal_agent> Ian Healy </E2:causal_agent> , scored five to prolong a run of poor form with the bat ."
"physical","1","6","7. <E1:causal_agent> Liz McIntyre </E1:causal_agent> ( <E2:group> U.S. </E2:group> ) 22.00"
"physical","0","24","<E1:causal_agent> Blinker </E1:causal_agent> was fined 75,000 Swiss francs ( $ 57,600 ) for failing to inform the Engllsh club of his previous commitment to <E2:group> Udinese </E2:group> ."
"physical","44","49","Barbarians - 15 - Tim Stimpson ( England ) ; 14 - Nigel Walker ( Wales ) , 13 - Allan Bateman ( Wales ) , 12 - Gregor Townsend ( Scotland ) , 11 - Tony Underwood ( England ) ; 10 - <E1:causal_agent> Rob Andrew </E1:causal_agent> ( <E2:group> England </E2:group> ) , 9 - Rob Howley ( Wales ) ; 8 - Scott Quinnell ( Wales ) , 7 - Neil Back ( England ) , 6 - Dale McIntosh ( Pontypridd ) , 5 - Ian Jones ( New Zealand ) , 4 - Craig Quinnell ( Wales ) , 3 - Darren Garforth ( Leicester ) , 2 - Norm Hewitt ( New Zealand ) , 1 - Nick Popplewell ( Ireland ) ."
"physical","14","0","<E2:group> Barbarians </E2:group> - 15 - Tim Stimpson ( England ) ; 14 - <E1:causal_agent> Nigel Walker </E1:causal_agent> ( Wales ) , 13 - Allan Bateman ( Wales ) , 12 - Gregor Townsend ( Scotland ) , 11 - Tony Underwood ( England ) ; 10 - Rob Andrew ( England ) , 9 - Rob Howley ( Wales ) ; 8 - Scott Quinnell ( Wales ) , 7 - Neil Back ( England ) , 6 - Dale McIntosh ( Pontypridd ) , 5 - Ian Jones ( New Zealand ) , 4 - Craig Quinnell ( Wales ) , 3 - Darren Garforth ( Leicester ) , 2 - Norm Hewitt ( New Zealand ) , 1 - Nick Popplewell ( Ireland ) ."
"physical","6","0","<E2:group> Japan </E2:group> : 19 - <E1:causal_agent> Kenichi Shimokawa </E1:causal_agent> , 2 - Hiroshige Yanagimoto , 3 - Naoki Soma , 4 - Masami Ihara , 5 - Norio Omura , 6 - Motohiro Yamaguchi , 8 - Masakiyo Maezono ( 7 - Yasuto Honda 71 ) , 9 - Takuya Takagi , 10 - Hiroshi Nanami , 11 - Kazuyoshi Miura , 15 - Hiroaki Morishima ( 14 - Masayuki Okano 75 ) ."
"physical","39","0","<E2:group> Australia </E2:group> - 15 - Matthew Burke ; 14 - Joe Roff , 13 - Daniel Herbert , 12 - Tim Horan ( captain ) , 11 - David Campese ; 10 - Pat Howard , 9 - <E1:causal_agent> Sam Payne </E1:causal_agent> ; 8 - Michael Brial , 7 - David Wilson , 6 - Owen Finegan , 5 - David Giffin , 4 - Tim Gavin , 3 - Andrew Blades , 2 - Marco Caputo , 1 - Dan Crowley ."
"physical","48","0","<E2:group> Syria </E2:group> : 24 - Salem Bitar , 3 - Bachar Srour ; 4 - Hassan Abbas , 5 - Tarek Jabban , 6 - Ammar Awad ( 9 - Louay Taleb 69 ) , 8 - Nihad al-Boushi , 10 - Mohammed Afash , 12 - <E1:causal_agent> Ali Dib </E1:causal_agent> , 13 - Abdul Latif Helou ( 17 - Ammar Rihawiy 46 ) , 14 - Khaled Zaher ; 16 - Nader Jokhadar ."
"physical","68","0","<E2:group> Japan </E2:group> : 19 - Kenichi Shimokawa , 2 - Hiroshige Yanagimoto , 3 - Naoki Soma , 4 - Masami Ihara , 5 - Norio Omura , 6 - Motohiro Yamaguchi , 8 - Masakiyo Maezono ( 7 - Yasuto Honda 71 ) , 9 - Takuya Takagi , 10 - Hiroshi Nanami , 11 - Kazuyoshi Miura , 15 - Hiroaki Morishima ( 14 - <E1:causal_agent> Masayuki Okano </E1:causal_agent> 75 ) ."
"role","53","0","<E2:group> Japan </E2:group> : 19 - Kenichi Shimokawa , 2 - Hiroshige Yanagimoto , 3 - Naoki Soma , 4 - Masami Ihara , 5 - Norio Omura , 6 - Motohiro Yamaguchi , 8 - Masakiyo Maezono ( 7 - Yasuto Honda 71 ) , 9 - Takuya Takagi , 10 - <E1:causal_agent> Hiroshi Nanami </E1:causal_agent> , 11 - Kazuyoshi Miura , 15 - Hiroaki Morishima ( 14 - Masayuki Okano 75 ) ."
"physical","14","0","<E2:group> West Indies </E2:group> - Sherwin Campbell , Robert Samuels , Brian Lara , <E1:causal_agent> Shivnarine Chanderpaul </E1:causal_agent> , Carl Hooper , Jimmy Adams , Junior Murray , Nixon McLean , Kenneth Benjamin , Curtly Ambrose , Courtney Walsh ( captain ) , Roland Holder 12th man ."
"role","12","22","Australia gave Brian Lara another reason to be miserable when they beat <E1:group> West Indies </E1:group> by five wickets in the opening <E2:assorted> World Series </E2:assorted> limited overs match on Friday ."
"physical","2","6","CRICKET - <E1:group> AUSTRALIA </E1:group> V <E2:group> WEST INDIES </E2:group> WORLD SERIES SCOREBOARD ."
"physical","3","8","RUGBY UNION - <E1:causal_agent> CUTTITTA </E1:causal_agent> BACK FOR <E2:group> ITALY </E2:group> AFTER A YEAR ."
"physical","16","0","<E2:group> Japan </E2:group> : 19 - Kenichi Shimokawa , 2 - Hiroshige Yanagimoto , 3 - <E1:causal_agent> Naoki Soma </E1:causal_agent> , 4 - Masami Ihara , 5 - Norio Omura , 6 - Motohiro Yamaguchi , 8 - Masakiyo Maezono ( 7 - Yasuto Honda 71 ) , 9 - Takuya Takagi , 10 - Hiroshi Nanami , 11 - Kazuyoshi Miura , 15 - Hiroaki Morishima ( 14 - Masayuki Okano 75 ) ."
"named","109","114","Barbarians - 15 - Tim Stimpson ( England ) ; 14 - Nigel Walker ( Wales ) , 13 - Allan Bateman ( Wales ) , 12 - Gregor Townsend ( Scotland ) , 11 - Tony Underwood ( England ) ; 10 - Rob Andrew ( England ) , 9 - Rob Howley ( Wales ) ; 8 - Scott Quinnell ( Wales ) , 7 - Neil Back ( England ) , 6 - Dale McIntosh ( Pontypridd ) , 5 - Ian Jones ( New Zealand ) , 4 - Craig Quinnell ( Wales ) , 3 - Darren Garforth ( Leicester ) , 2 - <E1:causal_agent> Norm Hewitt </E1:causal_agent> ( <E2:group> New Zealand </E2:group> ) , 1 - Nick Popplewell ( Ireland ) ."
"named","0","8","<E1:causal_agent> Bowyer </E1:causal_agent> , who moved to the <E2:object> Yorkshire </E2:object> club in August for 3.5 million pounds ( $ 5.8 million ) , was expected to play against Middlesbrough on Saturday ."
"physical","31","26","League duties restricted the Barbarians ' selectorial options but they still boast 13 internationals including England full-back Tim Stimpson and recalled wing Tony Underwood , plus <E2:group> All Black </E2:group> forwards <E1:causal_agent> Ian Jones </E1:causal_agent> and Norm Hewitt ."
"physical","0","8","<E1:causal_agent> Ye Zhaoying </E1:causal_agent> ( China ) beat <E2:causal_agent> Meiluawati </E2:causal_agent> ( Indonesia ) 11-6 12-10"
"physical","11","0","<E2:causal_agent> Blinker </E2:causal_agent> missed his club 's last two games after <E1:group> FIFA </E1:group> slapped a worldwide ban on him for appearing to sign contracts for both Wednesday and Udinese while he was playing for Feyenoord ."
"role","0","20","<E1:group> Japan </E1:group> then laid siege to the Syrian penalty area for most of the game but rarely breached the <E2:assorted> Syrian defence </E2:assorted> ."
"physical","4","15","The committee said the <E1:assorted> Italian club </E1:assorted> had violated regulations by failing to inform <E2:group> Feyenoord </E2:group> , with whom the player was under contract ."
"physical","59","0","<E2:group> Syria </E2:group> : 24 - Salem Bitar , 3 - Bachar Srour ; 4 - Hassan Abbas , 5 - Tarek Jabban , 6 - Ammar Awad ( 9 - Louay Taleb 69 ) , 8 - Nihad al-Boushi , 10 - Mohammed Afash , 12 - Ali Dib , 13 - Abdul Latif Helou ( 17 - <E1:causal_agent> Ammar Rihawiy </E1:causal_agent> 46 ) , 14 - Khaled Zaher ; 16 - Nader Jokhadar ."
"physical","21","17","Lara , who earned a stern rebuke from his own tour management after an angry outburst against <E2:group> Australia </E2:group> wicketkeeper <E1:causal_agent> Ian Healy </E1:causal_agent> , scored five to prolong a run of poor form with the bat ."
"physical","0","4","<E1:object> AL-AIN </E1:object> , <E2:group> United Arab Emirates </E2:group> 1996-12-06"
"general-affiliation","27","9","Australia went on to win the match at the <E2:object> Sydney Cricket Ground </E2:object> by 124 runs to take a two-nil lead in the five-test series after <E1:causal_agent> Lara </E1:causal_agent> failed in both innings ."
"general-affiliation","0","20","<E1:causal_agent> Lara </E1:causal_agent> looked out of touch during his brief stay at the crease before chipping a simple catch to <E2:causal_agent> Shane Warne </E2:causal_agent> at mid-wicket ."
"physical","111","0","<E2:group> Barbarians </E2:group> - 15 - Tim Stimpson ( England ) ; 14 - Nigel Walker ( Wales ) , 13 - Allan Bateman ( Wales ) , 12 - Gregor Townsend ( Scotland ) , 11 - Tony Underwood ( England ) ; 10 - Rob Andrew ( England ) , 9 - Rob Howley ( Wales ) ; 8 - Scott Quinnell ( Wales ) , 7 - Neil Back ( England ) , 6 - Dale McIntosh ( Pontypridd ) , 5 - Ian Jones ( New Zealand ) , 4 - Craig Quinnell ( Wales ) , 3 - Darren Garforth ( Leicester ) , 2 - <E1:causal_agent> Norm Hewitt </E1:causal_agent> ( New Zealand ) , 1 - Nick Popplewell ( Ireland ) ."
"physical","0","4","<E1:group> Portuguesa </E1:group> 1 <E2:group> Atletico Mineiro </E2:group> 0"
"physical","0","4","<E1:group> Australia </E1:group> beat <E2:group> West Indies </E2:group> by five wickets in a World Series limited overs match at the Melbourne Cricket Ground on Friday ."
"physical","4","32","Cuttitta , who trainer <E1:causal_agent> George Coste </E1:causal_agent> said was certain to play on Saturday week , was named in a 21-man squad lacking only two of the team beaten 54-21 by <E2:group> England </E2:group> at Twickenham last month ."
"physical","0","8","<E1:causal_agent> Gong Zhichao </E1:causal_agent> ( China ) beat <E2:causal_agent> Mia Audina </E2:causal_agent> ( Indonesia ) 11-2 12-10"
"physical","6","11","Susi Susanti ( Indonesia ) beat <E1:causal_agent> Han Jingna </E1:causal_agent> ( <E2:group> China </E2:group> ) 11-5 11-4 ."
"named","10","0","<E2:group> Japan </E2:group> - Hassan Abbas 84 own goal , <E1:causal_agent> Takuya Takagi </E1:causal_agent> 88 ."
"physical","22","7","Result of the second leg of the <E2:assorted> African Cup Winners ' Cup </E2:assorted> final at the National stadium on Friday : <E1:group> Arab Contractors </E1:group> ( Egypt ) 4 Sodigraf ( Zaire ) 0 ( halftime 2-0 )"
"role","0","5","<E1:group> Bayer Leverkusen </E1:group> ( <E2:group> Germany </E2:group> ) 9 0 9 9"
"role","12","18","Score on the first day of the four-day Sheffield Shield match between <E1:object> Tasmania </E1:object> and Victoria at <E2:object> Bellerive Oval </E2:object> on Friday :"
"named","1","6","1. <E1:causal_agent> Tatjana Mittermayer </E1:causal_agent> ( <E2:group> Germany </E2:group> ) 24.32"
"role","84","89","Barbarians - 15 - Tim Stimpson ( England ) ; 14 - Nigel Walker ( Wales ) , 13 - Allan Bateman ( Wales ) , 12 - Gregor Townsend ( Scotland ) , 11 - Tony Underwood ( England ) ; 10 - Rob Andrew ( England ) , 9 - Rob Howley ( Wales ) ; 8 - Scott Quinnell ( Wales ) , 7 - Neil Back ( England ) , 6 - Dale McIntosh ( Pontypridd ) , 5 - <E1:causal_agent> Ian Jones </E1:causal_agent> ( <E2:group> New Zealand </E2:group> ) , 4 - Craig Quinnell ( Wales ) , 3 - Darren Garforth ( Leicester ) , 2 - Norm Hewitt ( New Zealand ) , 1 - Nick Popplewell ( Ireland ) ."
"part-of","0","4","<E1:group> Villeurbanne </E1:group> ( <E2:group> France </E2:group> ) 9 6 3 15"
"origin","0","18","<E1:causal_agent> Takuya Takagi </E1:causal_agent> headed the winner in the 88th minute of the group C game after goalkeeper <E2:causal_agent> Salem Bitar </E2:causal_agent> spoiled a mistake-free display by allowing the ball to slip under his body ."
"physical","17","6","Japan began the defence of their <E2:assorted> Asian Cup </E2:assorted> title with a lucky 2-1 win against <E1:group> Syria </E1:group> in a Group C championship match on Friday ."
"physical","39","17","Leading second round scores in the Zimbabwe Open at the par-72 Chapman Golf Club on Friday ( <E2:assorted> South African </E2:assorted> unless stated ) : 132 Des Terblanche 65 67 133 Mark McNulty ( Zimbabwe ) 72 61 134 <E1:causal_agent> Steve van Vuuren </E1:causal_agent> 65 69 136 Nick Price ( Zimbabwe ) 68 68 , Justin Hobday 71 65 ,"
"part-of","1","6","2. <E1:causal_agent> Andrei Ivanov </E1:causal_agent> ( <E2:group> Russia </E2:group> ) 24.88"
"physical","0","20","<E1:group> West Indies </E1:group> were all out for 172 off 49.2 overs in the World Series limited overs match against <E2:group> Australia </E2:group> on Friday ."
"physical","24","4","League duties restricted the <E2:group> Barbarians </E2:group> ' selectorial options but they still boast 13 internationals including England full-back Tim Stimpson and recalled wing <E1:causal_agent> Tony Underwood </E1:causal_agent> , plus All Black forwards Ian Jones and Norm Hewitt ."
"physical","16","0","<E2:group> Australia </E2:group> - 15 - Matthew Burke ; 14 - Joe Roff , 13 - <E1:causal_agent> Daniel Herbert </E1:causal_agent> , 12 - Tim Horan ( captain ) , 11 - David Campese ; 10 - Pat Howard , 9 - Sam Payne ; 8 - Michael Brial , 7 - David Wilson , 6 - Owen Finegan , 5 - David Giffin , 4 - Tim Gavin , 3 - Andrew Blades , 2 - Marco Caputo , 1 - Dan Crowley ."
"role","13","8","Wijaya ( Indonesia ) ; Sun Jun ( <E2:group> China </E2:group> ) v <E1:causal_agent> Allan Budi Kusuma </E1:causal_agent>"
"general-affiliation","0","14","<E1:causal_agent> Lara </E1:causal_agent> 's outburst three days ago has clearly turned some of the <E2:assorted> Australian public </E2:assorted> against him ."
"physical","14","25","Stefano Bordon is out through illness and Coste said he had dropped back row <E1:causal_agent> Corrado Covi </E1:causal_agent> , who had been recalled for the <E2:group> England </E2:group> game after five years out of the national team ."
"role","26","30","Result of the second leg of the African Cup Winners ' Cup final at the National stadium on Friday : Arab Contractors ( Egypt ) 4 <E1:group> Sodigraf </E1:group> ( <E2:group> Zaire </E2:group> ) 0 ( halftime 2-0 )"
"physical","1","25","But <E1:group> China </E1:group> saw their luck desert them in the second match of the group , crashing to a surprise 2-0 defeat to newcomers <E2:group> Uzbekistan </E2:group> ."
"physical","2","9","SOCCER - <E1:group> JAPAN </E1:group> GET LUCKY WIN , <E2:group> CHINA </E2:group> IN SURPRISE DEFEAT ."
"general-affiliation","0","5","<E1:group> Partizan Belgrade </E1:group> ( <E2:object> Yugoslavia </E2:object> ) 9 5 4 14"
"physical","28","7","Result of the second leg of the <E2:assorted> African Cup Winners ' Cup </E2:assorted> final at the National stadium on Friday : Arab Contractors ( Egypt ) 4 <E1:group> Sodigraf </E1:group> ( Zaire ) 0 ( halftime 2-0 )"
"physical","70","0","<E2:group> Barbarians </E2:group> - 15 - Tim Stimpson ( England ) ; 14 - Nigel Walker ( Wales ) , 13 - Allan Bateman ( Wales ) , 12 - Gregor Townsend ( Scotland ) , 11 - Tony Underwood ( England ) ; 10 - Rob Andrew ( England ) , 9 - Rob Howley ( Wales ) ; 8 - Scott Quinnell ( Wales ) , 7 - <E1:causal_agent> Neil Back </E1:causal_agent> ( England ) , 6 - Dale McIntosh ( Pontypridd ) , 5 - Ian Jones ( New Zealand ) , 4 - Craig Quinnell ( Wales ) , 3 - Darren Garforth ( Leicester ) , 2 - Norm Hewitt ( New Zealand ) , 1 - Nick Popplewell ( Ireland ) ."
"origin","0","19","<E1:causal_agent> Nader Jokhadar </E1:causal_agent> headed a cross from the right by Ammar Awad into the top right corner of <E2:causal_agent> Kenichi Shimokawa </E2:causal_agent> 's goal ."
"role","1","29","Defender <E1:causal_agent> Hassan Abbas </E1:causal_agent> rose to intercept a long ball into the area in the 84th minute but only managed to divert it into the top corner of <E2:causal_agent> Bitar </E2:causal_agent> 's goal ."
"physical","22","0","<E2:group> Australia </E2:group> - Mark Taylor ( captain ) , Mark Waugh , Ricky Ponting , Greg Blewett , Michael Bevan , <E1:causal_agent> Stuart Law </E1:causal_agent> , Tom Moody , Ian Healy , Paul Reiffel , Shane Warne , Jason Gillespie , Glenn McGrath 12th man ."
"physical","0","5","<E1:group> Efes Pilsen </E1:group> ( <E2:group> Turkey </E2:group> ) 9 7 2 16"
"physical","6","14","Semifinals ( on Saturday ) : <E1:causal_agent> Fung Permadi </E1:causal_agent> ( Taiwan ) v <E2:causal_agent> Indra </E2:causal_agent>"
"physical","0","6","<E1:causal_agent> Nader Jokhadar </E1:causal_agent> had given <E2:group> Syria </E2:group> the lead with a well-struck header in the seventh minute ."
"physical","0","8","<E1:group> Japan </E1:group> then laid siege to the <E2:assorted> Syrian penalty area </E2:assorted> for most of the game but rarely breached the Syrian defence ."
"physical","120","0","<E2:group> Barbarians </E2:group> - 15 - Tim Stimpson ( England ) ; 14 - Nigel Walker ( Wales ) , 13 - Allan Bateman ( Wales ) , 12 - Gregor Townsend ( Scotland ) , 11 - Tony Underwood ( England ) ; 10 - Rob Andrew ( England ) , 9 - Rob Howley ( Wales ) ; 8 - Scott Quinnell ( Wales ) , 7 - Neil Back ( England ) , 6 - Dale McIntosh ( Pontypridd ) , 5 - Ian Jones ( New Zealand ) , 4 - Craig Quinnell ( Wales ) , 3 - Darren Garforth ( Leicester ) , 2 - Norm Hewitt ( New Zealand ) , 1 - <E1:causal_agent> Nick Popplewell </E1:causal_agent> ( Ireland ) ."
"physical","1","6","6. <E1:causal_agent> Jeremie Collomb-Patton </E1:causal_agent> ( <E2:group> France </E2:group> ) 23.87"
"physical","12","3","Despite winning the <E2:assorted> Asian Games </E2:assorted> title two years ago , <E1:group> Uzbekistan </E1:group> are in the finals as outsiders ."
"part-of","86","0","<E2:group> Barbarians </E2:group> - 15 - Tim Stimpson ( England ) ; 14 - Nigel Walker ( Wales ) , 13 - Allan Bateman ( Wales ) , 12 - Gregor Townsend ( Scotland ) , 11 - Tony Underwood ( England ) ; 10 - Rob Andrew ( England ) , 9 - Rob Howley ( Wales ) ; 8 - Scott Quinnell ( Wales ) , 7 - Neil Back ( England ) , 6 - Dale McIntosh ( Pontypridd ) , 5 - <E1:causal_agent> Ian Jones </E1:causal_agent> ( New Zealand ) , 4 - Craig Quinnell ( Wales ) , 3 - Darren Garforth ( Leicester ) , 2 - Norm Hewitt ( New Zealand ) , 1 - Nick Popplewell ( Ireland ) ."
"physical","0","25","<E1:causal_agent> Blinker </E1:causal_agent> missed his club 's last two games after FIFA slapped a worldwide ban on him for appearing to sign contracts for both <E2:group> Wednesday </E2:group> and Udinese while he was playing for Feyenoord ."
"physical","16","0","<E2:group> Australia </E2:group> - Mark Taylor ( captain ) , Mark Waugh , Ricky Ponting , <E1:causal_agent> Greg Blewett </E1:causal_agent> , Michael Bevan , Stuart Law , Tom Moody , Ian Healy , Paul Reiffel , Shane Warne , Jason Gillespie , Glenn McGrath 12th man ."
"physical","26","0","<E2:group> West Indies </E2:group> - Sherwin Campbell , Robert Samuels , Brian Lara , Shivnarine Chanderpaul , Carl Hooper , Jimmy Adams , Junior Murray , <E1:causal_agent> Nixon McLean </E1:causal_agent> , Kenneth Benjamin , Curtly Ambrose , Courtney Walsh ( captain ) , Roland Holder 12th man ."
"physical","0","10","<E1:causal_agent> Lara </E1:causal_agent> has yet to score a century since <E2:group> West Indies </E2:group> arrived in Australia five weeks ago ."
"related-to","19","13","Two goals in the last six minutes gave holders Japan an uninspiring 2-1 <E2:assorted> Asian Cup </E2:assorted> victory over <E1:group> Syria </E1:group> on Friday ."
"physical","44","0","<E2:group> Australia </E2:group> - 15 - Matthew Burke ; 14 - Joe Roff , 13 - Daniel Herbert , 12 - Tim Horan ( captain ) , 11 - David Campese ; 10 - Pat Howard , 9 - Sam Payne ; 8 - <E1:causal_agent> Michael Brial </E1:causal_agent> , 7 - David Wilson , 6 - Owen Finegan , 5 - David Giffin , 4 - Tim Gavin , 3 - Andrew Blades , 2 - Marco Caputo , 1 - Dan Crowley ."
"physical","10","6","He ( Lara ) had told <E2:group> Australia </E2:group> coach <E1:causal_agent> Geoff Marsh </E1:causal_agent> that wicketkeeper Ian Healy was unwelcome in the visitors ' dressing room ."
"physical","5","15","Centre Jason Little will miss <E1:group> Australia </E1:group> 's end-of-tour fixture against the Barbarians at <E2:object> Twickenham </E2:object> on Saturday ."
"physical","0","16","<E1:group> Pakistan </E1:group> , who arrive next week , are the third team in the triangular <E2:assorted> World Series </E2:assorted> tournament ."
"physical","17","0","<E2:group> West Indies </E2:group> - Sherwin Campbell , Robert Samuels , Brian Lara , Shivnarine Chanderpaul , <E1:causal_agent> Carl Hooper </E1:causal_agent> , Jimmy Adams , Junior Murray , Nixon McLean , Kenneth Benjamin , Curtly Ambrose , Courtney Walsh ( captain ) , Roland Holder 12th man ."
"role","28","0","<E2:group> Australia </E2:group> - Mark Taylor ( captain ) , Mark Waugh , Ricky Ponting , Greg Blewett , Michael Bevan , Stuart Law , Tom Moody , <E1:causal_agent> Ian Healy </E1:causal_agent> , Paul Reiffel , Shane Warne , Jason Gillespie , Glenn McGrath 12th man ."
"physical","19","0","<E2:object> Tasmania </E2:object> 352 for three ( David Boon 106 not out , Shaun Young 86 not out , <E1:causal_agent> Michael DiVenuto </E1:causal_agent> 119 ) v Victoria ."
"general-affiliation","1","6","10. <E1:causal_agent> Troy Benson </E1:causal_agent> ( <E2:group> U.S. </E2:group> ) 22.56"
"physical","31","0","<E2:group> Japan </E2:group> : 19 - Kenichi Shimokawa , 2 - Hiroshige Yanagimoto , 3 - Naoki Soma , 4 - Masami Ihara , 5 - Norio Omura , 6 - <E1:causal_agent> Motohiro Yamaguchi </E1:causal_agent> , 8 - Masakiyo Maezono ( 7 - Yasuto Honda 71 ) , 9 - Takuya Takagi , 10 - Hiroshi Nanami , 11 - Kazuyoshi Miura , 15 - Hiroaki Morishima ( 14 - Masayuki Okano 75 ) ."
"physical","29","0","<E2:group> West Indies </E2:group> - Sherwin Campbell , Robert Samuels , Brian Lara , Shivnarine Chanderpaul , Carl Hooper , Jimmy Adams , Junior Murray , Nixon McLean , <E1:causal_agent> Kenneth Benjamin </E1:causal_agent> , Curtly Ambrose , Courtney Walsh ( captain ) , Roland Holder 12th man ."
"part-of","8","14","Lara has yet to score a century since <E1:group> West Indies </E1:group> arrived in <E2:group> Australia </E2:group> five weeks ago ."
"physical","0","32","<E1:causal_agent> Cuttitta </E1:causal_agent> , who trainer George Coste said was certain to play on Saturday week , was named in a 21-man squad lacking only two of the team beaten 54-21 by <E2:group> England </E2:group> at Twickenham last month ."
"physical","24","16","Scores : West Indies 172 all out in 49.2 overs ( Shivnarine Chanderpaul 54 ) ; <E2:group> Australia </E2:group> 173-5 in 48.4 overs ( <E1:causal_agent> Greg Blewett </E1:causal_agent> 57 not out ) ."
"physical","0","27","<E1:causal_agent> Owen Finegan </E1:causal_agent> has recovered from the knocks he took in last weekend 's test against Wales and retains his place in the back-row ahead of <E2:causal_agent> Daniel Manu </E2:causal_agent> ."
"physical","4","0","<E2:group> Romania </E2:group> trainer <E1:causal_agent> Anghel Iordanescu </E1:causal_agent> called up three uncapped players on Friday in his squad to face Macedonia next week in a World Cup qualifier ."
"temporal","40","0","<E2:group> Australia </E2:group> - Mark Taylor ( captain ) , Mark Waugh , Ricky Ponting , Greg Blewett , Michael Bevan , Stuart Law , Tom Moody , Ian Healy , Paul Reiffel , Shane Warne , Jason Gillespie , <E1:causal_agent> Glenn McGrath </E1:causal_agent> 12th man ."
"physical","1","6","2. <E1:causal_agent> Candice Gilg </E1:causal_agent> ( <E2:group> France </E2:group> ) 24.31"
"physical","24","15","League duties restricted the Barbarians ' selectorial options but they still boast 13 internationals including <E2:group> England </E2:group> full-back Tim Stimpson and recalled wing <E1:causal_agent> Tony Underwood </E1:causal_agent> , plus All Black forwards Ian Jones and Norm Hewitt ."
"physical","0","18","<E1:object> Japan </E1:object> , co-hosts of the World Cup in 2002 and ranked 20th in the world by <E2:group> FIFA </E2:group> , are favourites to regain their title here ."
"general-affiliation","0","24","<E1:object> Tasmania </E1:object> 352 for three ( David Boon 106 not out , Shaun Young 86 not out , Michael DiVenuto 119 ) v <E2:group> Victoria </E2:group> ."
"role","6","2","SOCCER - <E2:group> LEEDS </E2:group> ' <E1:causal_agent> BOWYER </E1:causal_agent> FINED FOR PART IN FAST-FOOD FRACAS ."
"physical","31","0","<E2:group> Syria </E2:group> : 24 - Salem Bitar , 3 - Bachar Srour ; 4 - Hassan Abbas , 5 - Tarek Jabban , 6 - Ammar Awad ( 9 - <E1:causal_agent> Louay Taleb </E1:causal_agent> 69 ) , 8 - Nihad al-Boushi , 10 - Mohammed Afash , 12 - Ali Dib , 13 - Abdul Latif Helou ( 17 - Ammar Rihawiy 46 ) , 14 - Khaled Zaher ; 16 - Nader Jokhadar ."
"physical","23","0","<E2:group> West Indies </E2:group> - Sherwin Campbell , Robert Samuels , Brian Lara , Shivnarine Chanderpaul , Carl Hooper , Jimmy Adams , <E1:causal_agent> Junior Murray </E1:causal_agent> , Nixon McLean , Kenneth Benjamin , Curtly Ambrose , Courtney Walsh ( captain ) , Roland Holder 12th man ."
"physical","0","8","<E1:causal_agent> Cuttitta </E1:causal_agent> announced his retirement after the <E2:assorted> 1995 World Cup </E2:assorted> , where he took issue with being dropped from the Italy side that faced England in the pool stages ."
"part-of","69","0","<E2:group> Australia </E2:group> - 15 - Matthew Burke ; 14 - Joe Roff , 13 - Daniel Herbert , 12 - Tim Horan ( captain ) , 11 - David Campese ; 10 - Pat Howard , 9 - Sam Payne ; 8 - Michael Brial , 7 - David Wilson , 6 - Owen Finegan , 5 - David Giffin , 4 - Tim Gavin , 3 - <E1:causal_agent> Andrew Blades </E1:causal_agent> , 2 - Marco Caputo , 1 - Dan Crowley ."
"physical","4","23","A minute later , <E1:causal_agent> Bitar </E1:causal_agent> produced a good double save , first from Kazuyoshi Miura 's header and then blocked a <E2:causal_agent> Takagi </E2:causal_agent> follow-up shot ."
"physical","0","4","<E1:object> AL-AIN </E1:object> , <E2:group> United Arab Emirates </E2:group> 1996-12-06"
"related-to","0","7","<E1:causal_agent> Bitar </E1:causal_agent> saved well again from <E2:causal_agent> Miura </E2:causal_agent> in the 37th minute , parrying away his header from a corner ."
"physical","0","5","<E1:causal_agent> Ye Zhaoying </E1:causal_agent> ( <E2:group> China </E2:group> ) beat Meiluawati ( Indonesia ) 11-6 12-10"
"physical","7","25","Stefano Bordon is out through illness and <E1:causal_agent> Coste </E1:causal_agent> said he had dropped back row Corrado Covi , who had been recalled for the <E2:group> England </E2:group> game after five years out of the national team ."
"physical","0","8","<E1:causal_agent> Dong Jiong </E1:causal_agent> ( China ) beat <E2:causal_agent> Thomas Stuer-Lauridsen </E2:causal_agent> ( Denmark ) 15-10 15-6"
"physical","71","0","<E2:group> Syria </E2:group> : 24 - Salem Bitar , 3 - Bachar Srour ; 4 - Hassan Abbas , 5 - Tarek Jabban , 6 - Ammar Awad ( 9 - Louay Taleb 69 ) , 8 - Nihad al-Boushi , 10 - Mohammed Afash , 12 - Ali Dib , 13 - Abdul Latif Helou ( 17 - Ammar Rihawiy 46 ) , 14 - Khaled Zaher ; 16 - <E1:causal_agent> Nader Jokhadar </E1:causal_agent> ."
"named","118","123","Barbarians - 15 - Tim Stimpson ( England ) ; 14 - Nigel Walker ( Wales ) , 13 - Allan Bateman ( Wales ) , 12 - Gregor Townsend ( Scotland ) , 11 - Tony Underwood ( England ) ; 10 - Rob Andrew ( England ) , 9 - Rob Howley ( Wales ) ; 8 - Scott Quinnell ( Wales ) , 7 - Neil Back ( England ) , 6 - Dale McIntosh ( Pontypridd ) , 5 - Ian Jones ( New Zealand ) , 4 - Craig Quinnell ( Wales ) , 3 - Darren Garforth ( Leicester ) , 2 - Norm Hewitt ( New Zealand ) , 1 - <E1:causal_agent> Nick Popplewell </E1:causal_agent> ( <E2:group> Ireland </E2:group> ) ."
"physical","0","4","<E1:group> Split </E1:group> ( <E2:group> Croatia </E2:group> ) 9 4 5 13"
"physical","16","12","Campese will be up against a familiar foe in the shape of <E2:group> Barbarians </E2:group> captain <E1:causal_agent> Rob Andrew </E1:causal_agent> , the man who kicked Australia to defeat with a last-ditch drop-goal in the World Cup quarter-final in Cape Town ."
"role","2","7","68 , <E1:causal_agent> Trevor Dodds </E1:causal_agent> ( <E2:object> Namibia </E2:object> ) 72 69 142 Don Robertson ( U.S. ) 73 69 , Dion Fourie 69 73 ,"
"role","18","23","Semifinals ( on Saturday ) : Susi Susanti ( Indonesia ) v Camilla Martin ( Denmark ) ; <E1:causal_agent> Ye Zhaoying </E1:causal_agent> ( <E2:group> China </E2:group> ) v Gong Zichao ( China ) ."
"general-affiliation","5","13","Centre Jason Little will miss <E1:group> Australia </E1:group> 's end-of-tour fixture against the <E2:group> Barbarians </E2:group> at Twickenham on Saturday ."
"physical","0","8","<E1:causal_agent> Hermawan Susanto </E1:causal_agent> ( Indonesia ) beat <E2:causal_agent> Soren B. Nielsen </E2:causal_agent> ( Denmark ) 15-8 15-2"
"physical","2","8","CRICKET - <E1:group> AUSTRALIA </E1:group> V WEST INDIES <E2:assorted> WORLD SERIES </E2:assorted> SCOREBOARD ."
"physical","4","15","A minute later , <E1:causal_agent> Bitar </E1:causal_agent> produced a good double save , first from <E2:causal_agent> Kazuyoshi Miura </E2:causal_agent> 's header and then blocked a Takagi follow-up shot ."
"physical","6","13","Leading second round scores in the <E1:assorted> Zimbabwe Open </E1:assorted> at the par-72 <E2:object> Chapman Golf Club </E2:object> on Friday ( South African unless stated ) : 132 Des Terblanche 65 67 133 Mark McNulty ( Zimbabwe ) 72 61 134 Steve van Vuuren 65 69 136 Nick Price ( Zimbabwe ) 68 68 , Justin Hobday 71 65 ,"
"physical","0","7","<E1:group> Pakistan </E1:group> , who arrive in <E2:group> Australia </E2:group> later this month , are the other team competing in the World Series tournament ."
"role","0","27","<E1:causal_agent> Bowyer </E1:causal_agent> , who moved to the Yorkshire club in August for 3.5 million pounds ( $ 5.8 million ) , was expected to play against <E2:group> Middlesbrough </E2:group> on Saturday ."
"general-affiliation","1","6","4. <E1:causal_agent> Tae Satoya </E1:causal_agent> ( <E2:group> Japan </E2:group> ) 23.75"
"physical","29","0","<E2:causal_agent> Little </E2:causal_agent> has opted not to risk aggravating the knee injury which ruled him out of a large chunk of the tour and is replaced by fellow Queenslander <E1:causal_agent> Daniel Herbert </E1:causal_agent> ."
"physical","54","0","<E2:group> Barbarians </E2:group> - 15 - Tim Stimpson ( England ) ; 14 - Nigel Walker ( Wales ) , 13 - Allan Bateman ( Wales ) , 12 - Gregor Townsend ( Scotland ) , 11 - Tony Underwood ( England ) ; 10 - Rob Andrew ( England ) , 9 - <E1:causal_agent> Rob Howley </E1:causal_agent> ( Wales ) ; 8 - Scott Quinnell ( Wales ) , 7 - Neil Back ( England ) , 6 - Dale McIntosh ( Pontypridd ) , 5 - Ian Jones ( New Zealand ) , 4 - Craig Quinnell ( Wales ) , 3 - Darren Garforth ( Leicester ) , 2 - Norm Hewitt ( New Zealand ) , 1 - Nick Popplewell ( Ireland ) ."
"physical","101","106","Barbarians - 15 - Tim Stimpson ( England ) ; 14 - Nigel Walker ( Wales ) , 13 - Allan Bateman ( Wales ) , 12 - Gregor Townsend ( Scotland ) , 11 - Tony Underwood ( England ) ; 10 - Rob Andrew ( England ) , 9 - Rob Howley ( Wales ) ; 8 - Scott Quinnell ( Wales ) , 7 - Neil Back ( England ) , 6 - Dale McIntosh ( Pontypridd ) , 5 - Ian Jones ( New Zealand ) , 4 - Craig Quinnell ( Wales ) , 3 - <E1:causal_agent> Darren Garforth </E1:causal_agent> ( <E2:group> Leicester </E2:group> ) , 2 - Norm Hewitt ( New Zealand ) , 1 - Nick Popplewell ( Ireland ) ."
"physical","43","0","<E2:group> Syria </E2:group> : 24 - Salem Bitar , 3 - Bachar Srour ; 4 - Hassan Abbas , 5 - Tarek Jabban , 6 - Ammar Awad ( 9 - Louay Taleb 69 ) , 8 - Nihad al-Boushi , 10 - <E1:causal_agent> Mohammed Afash </E1:causal_agent> , 12 - Ali Dib , 13 - Abdul Latif Helou ( 17 - Ammar Rihawiy 46 ) , 14 - Khaled Zaher ; 16 - Nader Jokhadar ."
"physical","21","0","<E2:group> Syria </E2:group> : 24 - Salem Bitar , 3 - Bachar Srour ; 4 - Hassan Abbas , 5 - <E1:causal_agent> Tarek Jabban </E1:causal_agent> , 6 - Ammar Awad ( 9 - Louay Taleb 69 ) , 8 - Nihad al-Boushi , 10 - Mohammed Afash , 12 - Ali Dib , 13 - Abdul Latif Helou ( 17 - Ammar Rihawiy 46 ) , 14 - Khaled Zaher ; 16 - Nader Jokhadar ."
"physical","12","17","Midfielder Valentin Stefan and striker Viorel Ion of Otelul Galati and defender <E1:causal_agent> Liviu Ciobotariu </E1:causal_agent> of <E2:group> National Bucharest </E2:group> are the newcomers for the European group eight clash in Macedonia on December 14 ."
"physical","0","5","<E1:group> Estudiantes Madrid </E1:group> ( <E2:group> Spain </E2:group> ) 9 5 4 14"
"physical","0","9","<E1:group> Japan </E1:group> started the second half brightly but <E2:causal_agent> Bitar </E2:causal_agent> denied them an equaliser when he dived to his right to save Naoki Soma 's low drive in the 53rd minute ."
"physical","0","4","<E1:assorted> Dutch forward </E1:assorted> <E2:causal_agent> Reggie Blinker </E2:causal_agent> had his indefinite suspension lifted by FIFA on Friday and was set to make his Sheffield Wednesday comeback against Liverpool on Saturday ."
"physical","16","8","Score on the first day of the four-day <E2:assorted> Sheffield Shield </E2:assorted> match between Tasmania and <E1:object> Victoria </E1:object> at Bellerive Oval on Friday :"
"physical","0","27","<E1:causal_agent> Blinker </E1:causal_agent> missed his club 's last two games after FIFA slapped a worldwide ban on him for appearing to sign contracts for both Wednesday and <E2:group> Udinese </E2:group> while he was playing for Feyenoord ."
"physical","4","0","<E2:group> Australia </E2:group> - <E1:causal_agent> Mark Taylor </E1:causal_agent> ( captain ) , Mark Waugh , Ricky Ponting , Greg Blewett , Michael Bevan , Stuart Law , Tom Moody , Ian Healy , Paul Reiffel , Shane Warne , Jason Gillespie , Glenn McGrath 12th man ."
"physical","1","6","7. <E1:causal_agent> Jim Moran </E1:causal_agent> ( <E2:group> U.S. </E2:group> ) 23.25"
"physical","0","5","<E1:group> CSKA Moscow </E1:group> ( <E2:group> Russia </E2:group> 9 6 3 15"
"physical","39","6","Leading second round scores in the <E2:assorted> Zimbabwe Open </E2:assorted> at the par-72 Chapman Golf Club on Friday ( South African unless stated ) : 132 Des Terblanche 65 67 133 Mark McNulty ( Zimbabwe ) 72 61 134 <E1:causal_agent> Steve van Vuuren </E1:causal_agent> 65 69 136 Nick Price ( Zimbabwe ) 68 68 , Justin Hobday 71 65 ,"
"physical","18","10","League title-holders Steaua Bucharest , who finished bottom of their <E2:assorted> Champions ' League </E2:assorted> group in the <E1:assorted> European Cup </E1:assorted> , have only two players in the squad ."
"role","11","15","Attacking midfielder Adrian Ilie , who recently moved from Steaua to <E1:assorted> Turkish club </E1:assorted> <E2:group> Galatasaray </E2:group> , is ruled out after two yellow-card offences ."
"role","2","18","League title-holders <E1:group> Steaua Bucharest </E1:group> , who finished bottom of their Champions ' League group in the <E2:assorted> European Cup </E2:assorted> , have only two players in the squad ."
"physical","45","6","Leading second round scores in the <E2:assorted> Zimbabwe Open </E2:assorted> at the par-72 Chapman Golf Club on Friday ( South African unless stated ) : 132 Des Terblanche 65 67 133 Mark McNulty ( Zimbabwe ) 72 61 134 Steve van Vuuren 65 69 136 <E1:causal_agent> Nick Price </E1:causal_agent> ( Zimbabwe ) 68 68 , Justin Hobday 71 65 ,"
"physical","6","12","Chen Gang ( China ) beat <E1:causal_agent> Martin Londgaard Hansen </E1:causal_agent> ( <E2:group> Denmark </E2:group> ) 15-12 15-6"
"general-affiliation","0","5","<E1:causal_agent> Dong Jiong </E1:causal_agent> ( <E2:group> China </E2:group> ) beat Thomas Stuer-Lauridsen ( Denmark ) 15-10 15-6"
"physical","6","11","Dong Jiong ( China ) beat <E1:causal_agent> Thomas Stuer-Lauridsen </E1:causal_agent> ( <E2:group> Denmark </E2:group> ) 15-10 15-6"
"physical","6","10","on Friday for their friendly against <E1:group> Scotland </E1:group> at <E2:object> Murrayfield </E2:object> more than a year after the 30-year-old wing announced he was retiring following differences over selection ."
"physical","0","8","<E1:group> Japan </E1:group> began the defence of their <E2:assorted> Asian Cup </E2:assorted> title with a lucky 2-1 win against Syria in a Group C championship match on Friday ."
"physical","1","6","9. <E1:causal_agent> Johann Gregoire </E1:causal_agent> ( <E2:group> France </E2:group> ) 22.58"
"physical","0","18","<E1:group> Australia </E1:group> beat West Indies by five wickets in a World Series limited overs match at the <E2:object> Melbourne Cricket Ground </E2:object> on Friday ."
"physical","0","5","<E1:group> RUGBY UNION </E1:group> - <E2:causal_agent> LITTLE </E2:causal_agent> TO MISS CAMPESE FAREWELL ."
"physical","0","4","<E1:group> TORONTO </E1:group> AT <E2:group> NY RANGERS </E2:group>"
"named","22","0","<E2:group> Japan </E2:group> started the second half brightly but Bitar denied them an equaliser when he dived to his right to save <E1:causal_agent> Naoki Soma </E1:causal_agent> 's low drive in the 53rd minute ."
"physical","0","4","<E1:group> Sevilla </E1:group> ( <E2:group> Spain </E2:group> ) 9 4 5 13"
"role","49","0","<E2:group> Australia </E2:group> - 15 - Matthew Burke ; 14 - Joe Roff , 13 - Daniel Herbert , 12 - Tim Horan ( captain ) , 11 - David Campese ; 10 - Pat Howard , 9 - Sam Payne ; 8 - Michael Brial , 7 - <E1:causal_agent> David Wilson </E1:causal_agent> , 6 - Owen Finegan , 5 - David Giffin , 4 - Tim Gavin , 3 - Andrew Blades , 2 - Marco Caputo , 1 - Dan Crowley ."
"physical","1","15","The <E1:object> Melbourne </E1:object> crowd were clearly angered by the incident , loudly jeering the <E2:group> West Indies </E2:group> vice-captain as he walked to the middle ."
"named","41","0","<E2:group> Japan </E2:group> : 19 - Kenichi Shimokawa , 2 - Hiroshige Yanagimoto , 3 - Naoki Soma , 4 - Masami Ihara , 5 - Norio Omura , 6 - Motohiro Yamaguchi , 8 - Masakiyo Maezono ( 7 - <E1:causal_agent> Yasuto Honda </E1:causal_agent> 71 ) , 9 - Takuya Takagi , 10 - Hiroshi Nanami , 11 - Kazuyoshi Miura , 15 - Hiroaki Morishima ( 14 - Masayuki Okano 75 ) ."
"physical","0","27","<E1:causal_agent> Bowyer </E1:causal_agent> , 19 , who was caught in the act by security cameras , pleaded guilty to a charge of affray at a court in <E2:object> London </E2:object> ."
"physical","11","0","<E2:group> West Indies </E2:group> - Sherwin Campbell , Robert Samuels , <E1:causal_agent> Brian Lara </E1:causal_agent> , Shivnarine Chanderpaul , Carl Hooper , Jimmy Adams , Junior Murray , Nixon McLean , Kenneth Benjamin , Curtly Ambrose , Courtney Walsh ( captain ) , Roland Holder 12th man ."
"physical","0","16","<E1:causal_agent> Campese </E1:causal_agent> will be up against a familiar foe in the shape of Barbarians captain <E2:causal_agent> Rob Andrew </E2:causal_agent> , the man who kicked Australia to defeat with a last-ditch drop-goal in the World Cup quarter-final in Cape Town ."
"physical","78","0","<E2:group> Barbarians </E2:group> - 15 - Tim Stimpson ( England ) ; 14 - Nigel Walker ( Wales ) , 13 - Allan Bateman ( Wales ) , 12 - Gregor Townsend ( Scotland ) , 11 - Tony Underwood ( England ) ; 10 - Rob Andrew ( England ) , 9 - Rob Howley ( Wales ) ; 8 - Scott Quinnell ( Wales ) , 7 - Neil Back ( England ) , 6 - <E1:causal_agent> Dale McIntosh </E1:causal_agent> ( Pontypridd ) , 5 - Ian Jones ( New Zealand ) , 4 - Craig Quinnell ( Wales ) , 3 - Darren Garforth ( Leicester ) , 2 - Norm Hewitt ( New Zealand ) , 1 - Nick Popplewell ( Ireland ) ."
"physical","0","33","<E1:causal_agent> Blinker </E1:causal_agent> missed his club 's last two games after FIFA slapped a worldwide ban on him for appearing to sign contracts for both Wednesday and Udinese while he was playing for <E2:group> Feyenoord </E2:group> ."
"physical","1","16","The <E1:group> Wallabies </E1:group> have their sights set on a 13th successive victory to end their <E2:assorted> European tour </E2:assorted> with a 100 percent record but also want to turn on the style and provide David Campese with a fitting send-off in his final match in Australian colours ."
"physical","14","23","Campese will be up against a familiar foe in the shape of Barbarians captain <E1:causal_agent> Rob Andrew </E1:causal_agent> , the man who kicked <E2:group> Australia </E2:group> to defeat with a last-ditch drop-goal in the World Cup quarter-final in Cape Town ."
"physical","12","17","Barbarians - 15 - Tim Stimpson ( England ) ; 14 - <E1:causal_agent> Nigel Walker </E1:causal_agent> ( <E2:group> Wales </E2:group> ) , 13 - Allan Bateman ( Wales ) , 12 - Gregor Townsend ( Scotland ) , 11 - Tony Underwood ( England ) ; 10 - Rob Andrew ( England ) , 9 - Rob Howley ( Wales ) ; 8 - Scott Quinnell ( Wales ) , 7 - Neil Back ( England ) , 6 - Dale McIntosh ( Pontypridd ) , 5 - Ian Jones ( New Zealand ) , 4 - Craig Quinnell ( Wales ) , 3 - Darren Garforth ( Leicester ) , 2 - Norm Hewitt ( New Zealand ) , 1 - Nick Popplewell ( Ireland ) ."
"physical","36","0","<E2:group> Japan </E2:group> : 19 - Kenichi Shimokawa , 2 - Hiroshige Yanagimoto , 3 - Naoki Soma , 4 - Masami Ihara , 5 - Norio Omura , 6 - Motohiro Yamaguchi , 8 - <E1:causal_agent> Masakiyo Maezono </E1:causal_agent> ( 7 - Yasuto Honda 71 ) , 9 - Takuya Takagi , 10 - Hiroshi Nanami , 11 - Kazuyoshi Miura , 15 - Hiroaki Morishima ( 14 - Masayuki Okano 75 ) ."
"physical","0","4","<E1:group> Panionios </E1:group> ( <E2:group> Greece </E2:group> ) 9 3 6 12"
"related-to","22","0","<E2:group> West Indies </E2:group> were 53 for two in 15 overs when rain stopped play at the Melbourne Cricket Ground after captain <E1:causal_agent> Courtney Walsh </E1:causal_agent> won the toss and elected to bat ."
"physical","1","6","10. <E1:causal_agent> Katleen Allais </E1:causal_agent> ( <E2:group> France </E2:group> ) 21.58"
"physical","21","0","<E2:group> Japan </E2:group> : 19 - Kenichi Shimokawa , 2 - Hiroshige Yanagimoto , 3 - Naoki Soma , 4 - <E1:causal_agent> Masami Ihara </E1:causal_agent> , 5 - Norio Omura , 6 - Motohiro Yamaguchi , 8 - Masakiyo Maezono ( 7 - Yasuto Honda 71 ) , 9 - Takuya Takagi , 10 - Hiroshi Nanami , 11 - Kazuyoshi Miura , 15 - Hiroaki Morishima ( 14 - Masayuki Okano 75 ) ."
"physical","21","0","<E2:group> Australia </E2:group> - 15 - Matthew Burke ; 14 - Joe Roff , 13 - Daniel Herbert , 12 - <E1:causal_agent> Tim Horan </E1:causal_agent> ( captain ) , 11 - David Campese ; 10 - Pat Howard , 9 - Sam Payne ; 8 - Michael Brial , 7 - David Wilson , 6 - Owen Finegan , 5 - David Giffin , 4 - Tim Gavin , 3 - Andrew Blades , 2 - Marco Caputo , 1 - Dan Crowley ."
"physical","0","4","<E1:object> AL-AIN </E1:object> , <E2:group> United Arab Emirates </E2:group> 1996-12-06"
"physical","6","11","Camilla Martin ( Denmark ) beat <E1:causal_agent> Wang Chen </E1:causal_agent> ( <E2:group> China </E2:group> ) 11-0 12-10"
"physical","2","15","Attacking midfielder <E1:causal_agent> Adrian Ilie </E1:causal_agent> , who recently moved from Steaua to Turkish club <E2:group> Galatasaray </E2:group> , is ruled out after two yellow-card offences ."
"role","4","0","<E2:group> Syria </E2:group> - <E1:causal_agent> Nader Jokhadar </E1:causal_agent> 7"
"physical","7","17","Result of the second leg of the <E1:assorted> African Cup Winners ' Cup </E1:assorted> final at the <E2:object> National stadium </E2:object> on Friday : Arab Contractors ( Egypt ) 4 Sodigraf ( Zaire ) 0 ( halftime 2-0 )"
"physical","26","0","<E2:group> Japan </E2:group> : 19 - Kenichi Shimokawa , 2 - Hiroshige Yanagimoto , 3 - Naoki Soma , 4 - Masami Ihara , 5 - <E1:causal_agent> Norio Omura </E1:causal_agent> , 6 - Motohiro Yamaguchi , 8 - Masakiyo Maezono ( 7 - Yasuto Honda 71 ) , 9 - Takuya Takagi , 10 - Hiroshi Nanami , 11 - Kazuyoshi Miura , 15 - Hiroaki Morishima ( 14 - Masayuki Okano 75 ) ."
"role","2","18","Australia beat <E1:group> West Indies </E1:group> by five wickets in a World Series limited overs match at the <E2:object> Melbourne Cricket Ground </E2:object> on Friday ."
"origin","21","32","Campese will be up against a familiar foe in the shape of Barbarians captain Rob Andrew , the man who kicked <E1:group> Australia </E1:group> to defeat with a last-ditch drop-goal in the <E2:assorted> World Cup </E2:assorted> quarter-final in Cape Town ."
"role","0","4","<E1:group> Italy </E1:group> recalled <E2:causal_agent> Marcello Cuttitta </E2:causal_agent>"
"role","4","8","one-day cricket international between <E1:group> Pakistan </E1:group> and <E2:group> New Zealand </E2:group>"
"general-affiliation","2","11","Attacking midfielder <E1:causal_agent> Adrian Ilie </E1:causal_agent> , who recently moved from <E2:group> Steaua </E2:group> to Turkish club Galatasaray , is ruled out after two yellow-card offences ."
"role","31","38","Andrew Pitts ( U.S. ) 69 67 138 Mark Cayeux ( Zimbabwe ) 69 69 , Mark Murless 71 67 139 Hennie Swart 75 64 , Andrew Park 72 67 140 <E1:causal_agent> Schalk van der Merwe </E1:causal_agent> ( <E2:object> Namibia </E2:object> ) 67 73 , Desvonde"
"role","0","6","<E1:group> Maccabi Tel Aviv </E1:group> ( <E2:group> Israel </E2:group> ) 9 5 4 14"
"general-affiliation","1","6","3. <E1:causal_agent> Minna Karhu </E1:causal_agent> ( <E2:group> Finland </E2:group> ) 24.05"
"physical","13","2","Scores : <E2:group> West Indies </E2:group> 172 all out in 49.2 overs ( <E1:causal_agent> Shivnarine Chanderpaul </E1:causal_agent> 54 ) ; Australia 173-5 in 48.4 overs ( Greg Blewett 57 not out ) ."
"physical","0","6","<E1:causal_agent> Allan Budi Kuksuma </E1:causal_agent> ( <E2:group> Indonesia </E2:group> ) beat Poul-Erik Hoyer-Larsen ( Denmark ) 15-7 15-4"
"general-affiliation","0","8","<E1:group> RUGBY UNION </E1:group> - LITTLE TO MISS <E2:causal_agent> CAMPESE </E2:causal_agent> FAREWELL ."
"physical","30","34","Cuttitta , who trainer George Coste said was certain to play on Saturday week , was named in a 21-man squad lacking only two of the team beaten 54-21 by <E1:group> England </E1:group> at <E2:object> Twickenham </E2:object> last month ."
"physical","5","13","Wijaya ( Indonesia ) ; <E1:causal_agent> Sun Jun </E1:causal_agent> ( China ) v <E2:causal_agent> Allan Budi Kusuma </E2:causal_agent>"
"physical","5","0","<E2:group> West Indies </E2:group> - <E1:causal_agent> Sherwin Campbell </E1:causal_agent> , Robert Samuels , Brian Lara , Shivnarine Chanderpaul , Carl Hooper , Jimmy Adams , Junior Murray , Nixon McLean , Kenneth Benjamin , Curtly Ambrose , Courtney Walsh ( captain ) , Roland Holder 12th man ."
"named","0","4","<E1:group> China </E1:group> 0 <E2:group> Uzbekistan </E2:group> 2 ( halftime 0-0 )"
"physical","29","0","<E2:group> Australia </E2:group> - 15 - Matthew Burke ; 14 - Joe Roff , 13 - Daniel Herbert , 12 - Tim Horan ( captain ) , 11 - <E1:causal_agent> David Campese </E1:causal_agent> ; 10 - Pat Howard , 9 - Sam Payne ; 8 - Michael Brial , 7 - David Wilson , 6 - Owen Finegan , 5 - David Giffin , 4 - Tim Gavin , 3 - Andrew Blades , 2 - Marco Caputo , 1 - Dan Crowley ."
"physical","12","17","Semifinals ( on Saturday ) : Susi Susanti ( Indonesia ) v <E1:causal_agent> Camilla Martin </E1:causal_agent> ( <E2:group> Denmark </E2:group> ) ; Ye Zhaoying ( China ) v Gong Zichao ( China ) ."
"role","30","0","<E2:group> Barbarians </E2:group> - 15 - Tim Stimpson ( England ) ; 14 - Nigel Walker ( Wales ) , 13 - Allan Bateman ( Wales ) , 12 - <E1:causal_agent> Gregor Townsend </E1:causal_agent> ( Scotland ) , 11 - Tony Underwood ( England ) ; 10 - Rob Andrew ( England ) , 9 - Rob Howley ( Wales ) ; 8 - Scott Quinnell ( Wales ) , 7 - Neil Back ( England ) , 6 - Dale McIntosh ( Pontypridd ) , 5 - Ian Jones ( New Zealand ) , 4 - Craig Quinnell ( Wales ) , 3 - Darren Garforth ( Leicester ) , 2 - Norm Hewitt ( New Zealand ) , 1 - Nick Popplewell ( Ireland ) ."
"role","26","18","West Indies captain Courtney Walsh elected to bat after winning the toss in the first match in the <E2:assorted> World Series </E2:assorted> limited overs competition against <E1:group> Australia </E1:group> at the Melbourne Cricket Ground on Friday ."
"physical","1","5","Hosts <E1:group> UAE </E1:group> play <E2:group> Kuwait </E2:group> and South Korea take on Indonesia on Saturday in Group A matches ."
"physical","0","20","<E1:group> West Indies </E1:group> captain Courtney Walsh elected to bat after winning the toss in the first match in the <E2:assorted> World Series </E2:assorted> limited overs competition against Australia at the Melbourne Cricket Ground on Friday ."
"general-affiliation","24","29","Semifinals ( on Saturday ) : Susi Susanti ( Indonesia ) v Camilla Martin ( Denmark ) ; Ye Zhaoying ( China ) v <E1:causal_agent> Gong Zichao </E1:causal_agent> ( <E2:group> China </E2:group> ) ."
"physical","0","34","<E1:group> West Indies </E1:group> batsman Brian Lara suffered another blow to his Australian tour , after already being disciplined for misconduct , when he was dismissed cheaply in the first limited overs match against <E2:group> Australia </E2:group> on Friday ."
"physical","0","5","<E1:causal_agent> Sun Jun </E1:causal_agent> ( <E2:group> China </E2:group> ) beat Rashid Sidek ( Malaysia ) 15-12 17-14"
"part-of","0","5","<E1:causal_agent> Gong Zhichao </E1:causal_agent> ( <E2:group> China </E2:group> ) beat Mia Audina ( Indonesia ) 11-2 12-10"
"physical","0","7","<E1:object> Japan </E1:object> , co-hosts of the <E2:assorted> World Cup </E2:assorted> in 2002 and ranked 20th in the world by FIFA , are favourites to regain their title here ."
"role","11","0","<E2:group> Syria </E2:group> : 24 - Salem Bitar , 3 - <E1:causal_agent> Bachar Srour </E1:causal_agent> ; 4 - Hassan Abbas , 5 - Tarek Jabban , 6 - Ammar Awad ( 9 - Louay Taleb 69 ) , 8 - Nihad al-Boushi , 10 - Mohammed Afash , 12 - Ali Dib , 13 - Abdul Latif Helou ( 17 - Ammar Rihawiy 46 ) , 14 - Khaled Zaher ; 16 - Nader Jokhadar ."
"physical","19","0","<E2:group> Australia </E2:group> - Mark Taylor ( captain ) , Mark Waugh , Ricky Ponting , Greg Blewett , <E1:causal_agent> Michael Bevan </E1:causal_agent> , Stuart Law , Tom Moody , Ian Healy , Paul Reiffel , Shane Warne , Jason Gillespie , Glenn McGrath 12th man ."
"role","0","4","<E1:causal_agent> Wijaya </E1:causal_agent> ( <E2:group> Indonesia </E2:group> ) ; Sun Jun ( China ) v Allan Budi Kusuma"
"physical","2","6","CRICKET - <E1:group> PAKISTAN </E1:group> V <E2:group> NEW ZEALAND </E2:group> ONE-DAY SCOREBOARD ."
"physical","2","14","He ( <E1:causal_agent> Lara </E1:causal_agent> ) had told Australia coach Geoff Marsh that wicketkeeper <E2:causal_agent> Ian Healy </E2:causal_agent> was unwelcome in the visitors ' dressing room ."
"physical","0","5","<E1:causal_agent> Camilla Martin </E1:causal_agent> ( <E2:group> Denmark </E2:group> ) beat Wang Chen ( China ) 11-0 12-10"
"physical","13","0","<E2:object> Tasmania </E2:object> 352 for three ( David Boon 106 not out , <E1:causal_agent> Shaun Young </E1:causal_agent> 86 not out , Michael DiVenuto 119 ) v Victoria ."
"role","20","25","Barbarians - 15 - Tim Stimpson ( England ) ; 14 - Nigel Walker ( Wales ) , 13 - <E1:causal_agent> Allan Bateman </E1:causal_agent> ( <E2:group> Wales </E2:group> ) , 12 - Gregor Townsend ( Scotland ) , 11 - Tony Underwood ( England ) ; 10 - Rob Andrew ( England ) , 9 - Rob Howley ( Wales ) ; 8 - Scott Quinnell ( Wales ) , 7 - Neil Back ( England ) , 6 - Dale McIntosh ( Pontypridd ) , 5 - Ian Jones ( New Zealand ) , 4 - Craig Quinnell ( Wales ) , 3 - Darren Garforth ( Leicester ) , 2 - Norm Hewitt ( New Zealand ) , 1 - Nick Popplewell ( Ireland ) ."
"role","2","7","SOCCER - <E1:group> ARAB CONTRACTORS </E1:group> WIN <E2:assorted> AFRICAN CUP WINNERS ' CUP </E2:assorted> ."
"physical","34","26","League duties restricted the Barbarians ' selectorial options but they still boast 13 internationals including England full-back Tim Stimpson and recalled wing Tony Underwood , plus <E2:group> All Black </E2:group> forwards Ian Jones and <E1:causal_agent> Norm Hewitt </E1:causal_agent> ."
"physical","52","57","Barbarians - 15 - Tim Stimpson ( England ) ; 14 - Nigel Walker ( Wales ) , 13 - Allan Bateman ( Wales ) , 12 - Gregor Townsend ( Scotland ) , 11 - Tony Underwood ( England ) ; 10 - Rob Andrew ( England ) , 9 - <E1:causal_agent> Rob Howley </E1:causal_agent> ( <E2:group> Wales </E2:group> ) ; 8 - Scott Quinnell ( Wales ) , 7 - Neil Back ( England ) , 6 - Dale McIntosh ( Pontypridd ) , 5 - Ian Jones ( New Zealand ) , 4 - Craig Quinnell ( Wales ) , 3 - Darren Garforth ( Leicester ) , 2 - Norm Hewitt ( New Zealand ) , 1 - Nick Popplewell ( Ireland ) ."
"named","0","8","<E1:causal_agent> Chen Gang </E1:causal_agent> ( China ) beat <E2:causal_agent> Martin Londgaard Hansen </E2:causal_agent> ( Denmark ) 15-12 15-6"
"physical","20","0","<E2:group> West Indies </E2:group> - Sherwin Campbell , Robert Samuels , Brian Lara , Shivnarine Chanderpaul , Carl Hooper , <E1:causal_agent> Jimmy Adams </E1:causal_agent> , Junior Murray , Nixon McLean , Kenneth Benjamin , Curtly Ambrose , Courtney Walsh ( captain ) , Roland Holder 12th man ."
"named","5","30","Leeds ' England under-21 striker <E1:causal_agent> Lee Bowyer </E1:causal_agent> was fined 4,500 pounds ( $ 7,400 ) on Friday for hurling chairs at restaurant staff during a disturbance at a <E2:group> McDonald 's </E2:group> fast-food restaurant ."
"temporal","0","5","<E1:causal_agent> Hermawan Susanto </E1:causal_agent> ( <E2:group> Indonesia </E2:group> ) beat Soren B. Nielsen ( Denmark ) 15-8 15-2"
"physical","53","0","<E2:group> Syria </E2:group> : 24 - Salem Bitar , 3 - Bachar Srour ; 4 - Hassan Abbas , 5 - Tarek Jabban , 6 - Ammar Awad ( 9 - Louay Taleb 69 ) , 8 - Nihad al-Boushi , 10 - Mohammed Afash , 12 - Ali Dib , 13 - <E1:causal_agent> Abdul Latif Helou </E1:causal_agent> ( 17 - Ammar Rihawiy 46 ) , 14 - Khaled Zaher ; 16 - Nader Jokhadar ."
"physical","5","10","Wijaya ( Indonesia ) ; <E1:causal_agent> Sun Jun </E1:causal_agent> ( <E2:group> China </E2:group> ) v Allan Budi Kusuma"
"physical","32","0","<E2:group> West Indies </E2:group> - Sherwin Campbell , Robert Samuels , Brian Lara , Shivnarine Chanderpaul , Carl Hooper , Jimmy Adams , Junior Murray , Nixon McLean , Kenneth Benjamin , <E1:causal_agent> Curtly Ambrose </E1:causal_agent> , Courtney Walsh ( captain ) , Roland Holder 12th man ."
"role","1","6","4. <E1:causal_agent> Jean-Luc Brassard </E1:causal_agent> ( <E2:group> Canada </E2:group> ) 24.40"
"physical","3","12","On tour , <E1:group> Australia </E1:group> have won all four tests against <E2:group> Italy </E2:group> , Scotland , Ireland and Wales , and scored 414 points at an average of almost 35 points a game ."
"physical","0","21","<E1:causal_agent> Cuttitta </E1:causal_agent> announced his retirement after the 1995 World Cup , where he took issue with being dropped from the <E2:group> Italy </E2:group> side that faced England in the pool stages ."
"physical","26","6","Leading second round scores in the <E2:assorted> Zimbabwe Open </E2:assorted> at the par-72 Chapman Golf Club on Friday ( South African unless stated ) : 132 <E1:causal_agent> Des Terblanche </E1:causal_agent> 65 67 133 Mark McNulty ( Zimbabwe ) 72 61 134 Steve van Vuuren 65 69 136 Nick Price ( Zimbabwe ) 68 68 , Justin Hobday 71 65 ,"
"general-affiliation","0","11","<E1:group> Australia </E1:group> beat West Indies by five wickets in a <E2:assorted> World Series </E2:assorted> limited overs match at the Melbourne Cricket Ground on Friday ."
"physical","66","0","<E2:group> Syria </E2:group> : 24 - Salem Bitar , 3 - Bachar Srour ; 4 - Hassan Abbas , 5 - Tarek Jabban , 6 - Ammar Awad ( 9 - Louay Taleb 69 ) , 8 - Nihad al-Boushi , 10 - Mohammed Afash , 12 - Ali Dib , 13 - Abdul Latif Helou ( 17 - Ammar Rihawiy 46 ) , 14 - <E1:causal_agent> Khaled Zaher </E1:causal_agent> ; 16 - Nader Jokhadar ."
"physical","0","11","<E1:group> Australia </E1:group> went on to win the match at the <E2:object> Sydney Cricket Ground </E2:object> by 124 runs to take a two-nil lead in the five-test series after Lara failed in both innings ."
"physical","62","0","<E2:group> Barbarians </E2:group> - 15 - Tim Stimpson ( England ) ; 14 - Nigel Walker ( Wales ) , 13 - Allan Bateman ( Wales ) , 12 - Gregor Townsend ( Scotland ) , 11 - Tony Underwood ( England ) ; 10 - Rob Andrew ( England ) , 9 - Rob Howley ( Wales ) ; 8 - <E1:causal_agent> Scott Quinnell </E1:causal_agent> ( Wales ) , 7 - Neil Back ( England ) , 6 - Dale McIntosh ( Pontypridd ) , 5 - Ian Jones ( New Zealand ) , 4 - Craig Quinnell ( Wales ) , 3 - Darren Garforth ( Leicester ) , 2 - Norm Hewitt ( New Zealand ) , 1 - Nick Popplewell ( Ireland ) ."
"physical","76","81","Barbarians - 15 - Tim Stimpson ( England ) ; 14 - Nigel Walker ( Wales ) , 13 - Allan Bateman ( Wales ) , 12 - Gregor Townsend ( Scotland ) , 11 - Tony Underwood ( England ) ; 10 - Rob Andrew ( England ) , 9 - Rob Howley ( Wales ) ; 8 - Scott Quinnell ( Wales ) , 7 - Neil Back ( England ) , 6 - <E1:causal_agent> Dale McIntosh </E1:causal_agent> ( <E2:group> Pontypridd </E2:group> ) , 5 - Ian Jones ( New Zealand ) , 4 - Craig Quinnell ( Wales ) , 3 - Darren Garforth ( Leicester ) , 2 - Norm Hewitt ( New Zealand ) , 1 - Nick Popplewell ( Ireland ) ."
"physical","7","2","Leeds ' <E2:object> England </E2:object> under-21 striker <E1:causal_agent> Lee Bowyer </E1:causal_agent> was fined 4,500 pounds ( $ 7,400 ) on Friday for hurling chairs at restaurant staff during a disturbance at a McDonald 's fast-food restaurant ."
"physical","38","0","<E2:group> Barbarians </E2:group> - 15 - Tim Stimpson ( England ) ; 14 - Nigel Walker ( Wales ) , 13 - Allan Bateman ( Wales ) , 12 - Gregor Townsend ( Scotland ) , 11 - <E1:causal_agent> Tony Underwood </E1:causal_agent> ( England ) ; 10 - Rob Andrew ( England ) , 9 - Rob Howley ( Wales ) ; 8 - Scott Quinnell ( Wales ) , 7 - Neil Back ( England ) , 6 - Dale McIntosh ( Pontypridd ) , 5 - Ian Jones ( New Zealand ) , 4 - Craig Quinnell ( Wales ) , 3 - Darren Garforth ( Leicester ) , 2 - Norm Hewitt ( New Zealand ) , 1 - Nick Popplewell ( Ireland ) ."
"role","0","4","<E1:group> PHILADELPHIA </E1:group> AT <E2:group> DALLAS </E2:group>"
"physical","0","5","<E1:causal_agent> Budi Santoso </E1:causal_agent> ( <E2:group> Indonesia </E2:group> ) beat Hu Zhilan ( China ) 15-4 15-5"
"physical","19","4","League duties restricted the <E2:group> Barbarians </E2:group> ' selectorial options but they still boast 13 internationals including England full-back <E1:causal_agent> Tim Stimpson </E1:causal_agent> and recalled wing Tony Underwood , plus All Black forwards Ian Jones and Norm Hewitt ."
"physical","1","6","3. <E1:causal_agent> Ryan Johnson </E1:causal_agent> ( <E2:group> Canada </E2:group> ) 24.57"
"general-affiliation","16","0","<E2:group> Syria </E2:group> : 24 - Salem Bitar , 3 - Bachar Srour ; 4 - <E1:causal_agent> Hassan Abbas </E1:causal_agent> , 5 - Tarek Jabban , 6 - Ammar Awad ( 9 - Louay Taleb 69 ) , 8 - Nihad al-Boushi , 10 - Mohammed Afash , 12 - Ali Dib , 13 - Abdul Latif Helou ( 17 - Ammar Rihawiy 46 ) , 14 - Khaled Zaher ; 16 - Nader Jokhadar ."
"temporal","25","0","<E2:group> Australia </E2:group> - Mark Taylor ( captain ) , Mark Waugh , Ricky Ponting , Greg Blewett , Michael Bevan , Stuart Law , <E1:causal_agent> Tom Moody </E1:causal_agent> , Ian Healy , Paul Reiffel , Shane Warne , Jason Gillespie , Glenn McGrath 12th man ."
"part-of","11","15","Centre Jason Little will miss Australia 's end-of-tour fixture against the <E1:group> Barbarians </E1:group> at <E2:object> Twickenham </E2:object> on Saturday ."
"related-to","68","73","Barbarians - 15 - Tim Stimpson ( England ) ; 14 - Nigel Walker ( Wales ) , 13 - Allan Bateman ( Wales ) , 12 - Gregor Townsend ( Scotland ) , 11 - Tony Underwood ( England ) ; 10 - Rob Andrew ( England ) , 9 - Rob Howley ( Wales ) ; 8 - Scott Quinnell ( Wales ) , 7 - <E1:causal_agent> Neil Back </E1:causal_agent> ( <E2:group> England </E2:group> ) , 6 - Dale McIntosh ( Pontypridd ) , 5 - Ian Jones ( New Zealand ) , 4 - Craig Quinnell ( Wales ) , 3 - Darren Garforth ( Leicester ) , 2 - Norm Hewitt ( New Zealand ) , 1 - Nick Popplewell ( Ireland ) ."
"role","19","25","Cuttitta announced his retirement after the 1995 World Cup , where he took issue with being dropped from the <E1:group> Italy </E1:group> side that faced <E2:group> England </E2:group> in the pool stages ."
"physical","19","25","Dutch forward Reggie Blinker had his indefinite suspension lifted by FIFA on Friday and was set to make his <E1:group> Sheffield Wednesday </E1:group> comeback against <E2:group> Liverpool </E2:group> on Saturday ."
"physical","12","18","70 , Brett Liddle 75 65 , Hugh Baiocchi 73 67 141 <E1:causal_agent> Adilson da Silva </E1:causal_agent> ( <E2:object> Brazil </E2:object> ) 72 69 , Sammy Daniels 73"
"physical","34","0","<E2:group> Australia </E2:group> - Mark Taylor ( captain ) , Mark Waugh , Ricky Ponting , Greg Blewett , Michael Bevan , Stuart Law , Tom Moody , Ian Healy , Paul Reiffel , <E1:causal_agent> Shane Warne </E1:causal_agent> , Jason Gillespie , Glenn McGrath 12th man ."
"physical","5","0","<E2:group> West Indies </E2:group> captain <E1:causal_agent> Courtney Walsh </E1:causal_agent> elected to bat after winning the toss in the first match in the World Series limited overs competition against Australia at the Melbourne Cricket Ground on Friday ."
"physical","37","0","<E2:group> Australia </E2:group> - Mark Taylor ( captain ) , Mark Waugh , Ricky Ponting , Greg Blewett , Michael Bevan , Stuart Law , Tom Moody , Ian Healy , Paul Reiffel , Shane Warne , <E1:causal_agent> Jason Gillespie </E1:causal_agent> , Glenn McGrath 12th man ."
"physical","6","14","Semifinals ( on Saturday ) : <E1:causal_agent> Susi Susanti </E1:causal_agent> ( Indonesia ) v <E2:causal_agent> Camilla Martin </E2:causal_agent> ( Denmark ) ; Ye Zhaoying ( China ) v Gong Zichao ( China ) ."
"physical","0","4","<E1:group> ANAHEIM </E1:group> AT <E2:group> BUFFALO </E2:group>"
"physical","0","4","<E1:group> Panathinaikos </E1:group> ( <E2:group> Greece </E2:group> ) 9 7 2 16"
"role","0","5","<E1:causal_agent> Indra Wijaya </E1:causal_agent> ( <E2:group> Indonesia </E2:group> ) beat Ong Ewe Hock ( Malaysia ) 5-15 15-11 15-11"
"physical","0","4","<E1:group> Pau-Orthez </E1:group> ( <E2:group> France </E2:group> ) 9 5 4 14"
"named","17","13","Tour manager Clive Lloyd on Wednesday apologised for Lara 's behaviour in confronting <E2:group> Australia </E2:group> coach <E1:causal_agent> Geoff Marsh </E1:causal_agent> in the opposition dressing room to protest against his dismissal in the second test on Tuesday ."
"physical","0","8","<E1:causal_agent> Indra Wijaya </E1:causal_agent> ( Indonesia ) beat <E2:causal_agent> Ong Ewe Hock </E2:causal_agent> ( Malaysia ) 5-15 15-11 15-11"
"physical","0","4","<E1:group> Goias </E1:group> 1 <E2:group> Gremio </E2:group> 3"
"physical","11","0","<E2:group> Japan </E2:group> : 19 - Kenichi Shimokawa , 2 - <E1:causal_agent> Hiroshige Yanagimoto </E1:causal_agent> , 3 - Naoki Soma , 4 - Masami Ihara , 5 - Norio Omura , 6 - Motohiro Yamaguchi , 8 - Masakiyo Maezono ( 7 - Yasuto Honda 71 ) , 9 - Takuya Takagi , 10 - Hiroshi Nanami , 11 - Kazuyoshi Miura , 15 - Hiroaki Morishima ( 14 - Masayuki Okano 75 ) ."
"physical","11","0","<E2:group> Australia </E2:group> - 15 - Matthew Burke ; 14 - <E1:causal_agent> Joe Roff </E1:causal_agent> , 13 - Daniel Herbert , 12 - Tim Horan ( captain ) , 11 - David Campese ; 10 - Pat Howard , 9 - Sam Payne ; 8 - Michael Brial , 7 - David Wilson , 6 - Owen Finegan , 5 - David Giffin , 4 - Tim Gavin , 3 - Andrew Blades , 2 - Marco Caputo , 1 - Dan Crowley ."
"physical","0","5","<E1:group> Kinder Bologna </E1:group> ( <E2:group> Italy </E2:group> ) 9 4 5 13"
"general-affiliation","58","0","<E2:group> Japan </E2:group> : 19 - Kenichi Shimokawa , 2 - Hiroshige Yanagimoto , 3 - Naoki Soma , 4 - Masami Ihara , 5 - Norio Omura , 6 - Motohiro Yamaguchi , 8 - Masakiyo Maezono ( 7 - Yasuto Honda 71 ) , 9 - Takuya Takagi , 10 - Hiroshi Nanami , 11 - <E1:causal_agent> Kazuyoshi Miura </E1:causal_agent> , 15 - Hiroaki Morishima ( 14 - Masayuki Okano 75 ) ."
"physical","24","29","West Indies captain Courtney Walsh elected to bat after winning the toss in the first match in the World Series limited overs competition against <E1:group> Australia </E1:group> at the <E2:object> Melbourne Cricket Ground </E2:object> on Friday ."
"physical","38","0","<E2:group> Syria </E2:group> : 24 - Salem Bitar , 3 - Bachar Srour ; 4 - Hassan Abbas , 5 - Tarek Jabban , 6 - Ammar Awad ( 9 - Louay Taleb 69 ) , 8 - <E1:causal_agent> Nihad al-Boushi </E1:causal_agent> , 10 - Mohammed Afash , 12 - Ali Dib , 13 - Abdul Latif Helou ( 17 - Ammar Rihawiy 46 ) , 14 - Khaled Zaher ; 16 - Nader Jokhadar ."
"physical","79","0","<E2:group> Australia </E2:group> - 15 - Matthew Burke ; 14 - Joe Roff , 13 - Daniel Herbert , 12 - Tim Horan ( captain ) , 11 - David Campese ; 10 - Pat Howard , 9 - Sam Payne ; 8 - Michael Brial , 7 - David Wilson , 6 - Owen Finegan , 5 - David Giffin , 4 - Tim Gavin , 3 - Andrew Blades , 2 - Marco Caputo , 1 - <E1:causal_agent> Dan Crowley </E1:causal_agent> ."
"general-affiliation","14","18","Score on the first day of the four-day Sheffield Shield match between Tasmania and <E1:object> Victoria </E1:object> at <E2:object> Bellerive Oval </E2:object> on Friday :"
"role","4","8","CRICKET - AUSTRALIA V <E1:group> WEST INDIES </E1:group> <E2:assorted> WORLD SERIES </E2:assorted> SCOREBOARD ."
"physical","4","0","<E2:group> Japan </E2:group> coach <E1:causal_agent> Shu Kamo </E1:causal_agent> said : ' ' The Syrian own goal proved lucky for us ."
"physical","0","22","<E1:group> Australia </E1:group> gave Brian Lara another reason to be miserable when they beat West Indies by five wickets in the opening <E2:assorted> World Series </E2:assorted> limited overs match on Friday ."
"physical","5","24","Midfielder Valentin Stefan and striker <E1:causal_agent> Viorel Ion </E1:causal_agent> of Otelul Galati and defender Liviu Ciobotariu of National Bucharest are the newcomers for the <E2:assorted> European group eight </E2:assorted> clash in Macedonia on December 14 ."
"role","11","28","Two goals from defensive errors in the last six minutes allowed <E1:group> Japan </E1:group> to come from behind and collect all three points from their opening meeting against <E2:group> Syria </E2:group> ."
"physical","41","0","<E2:group> West Indies </E2:group> - Sherwin Campbell , Robert Samuels , Brian Lara , Shivnarine Chanderpaul , Carl Hooper , Jimmy Adams , Junior Murray , Nixon McLean , Kenneth Benjamin , Curtly Ambrose , Courtney Walsh ( captain ) , <E1:causal_agent> Roland Holder </E1:causal_agent> 12th man ."
"physical","0","17","<E1:causal_agent> Owen Finegan </E1:causal_agent> has recovered from the knocks he took in last weekend 's test against <E2:object> Wales </E2:object> and retains his place in the back-row ahead of Daniel Manu ."
"physical","103","0","<E2:group> Barbarians </E2:group> - 15 - Tim Stimpson ( England ) ; 14 - Nigel Walker ( Wales ) , 13 - Allan Bateman ( Wales ) , 12 - Gregor Townsend ( Scotland ) , 11 - Tony Underwood ( England ) ; 10 - Rob Andrew ( England ) , 9 - Rob Howley ( Wales ) ; 8 - Scott Quinnell ( Wales ) , 7 - Neil Back ( England ) , 6 - Dale McIntosh ( Pontypridd ) , 5 - Ian Jones ( New Zealand ) , 4 - Craig Quinnell ( Wales ) , 3 - <E1:causal_agent> Darren Garforth </E1:causal_agent> ( Leicester ) , 2 - Norm Hewitt ( New Zealand ) , 1 - Nick Popplewell ( Ireland ) ."
"physical","36","41","Barbarians - 15 - Tim Stimpson ( England ) ; 14 - Nigel Walker ( Wales ) , 13 - Allan Bateman ( Wales ) , 12 - Gregor Townsend ( Scotland ) , 11 - <E1:causal_agent> Tony Underwood </E1:causal_agent> ( <E2:group> England </E2:group> ) ; 10 - Rob Andrew ( England ) , 9 - Rob Howley ( Wales ) ; 8 - Scott Quinnell ( Wales ) , 7 - Neil Back ( England ) , 6 - Dale McIntosh ( Pontypridd ) , 5 - Ian Jones ( New Zealand ) , 4 - Craig Quinnell ( Wales ) , 3 - Darren Garforth ( Leicester ) , 2 - Norm Hewitt ( New Zealand ) , 1 - Nick Popplewell ( Ireland ) ."
"role","0","5","<E1:group> Dynamo Moscow </E1:group> ( <E2:group> Russia </E2:group> ) 9 2 7 11"
"physical","6","0","<E2:group> West Indies </E2:group> tour manager <E1:causal_agent> Clive Lloyd </E1:causal_agent> has apologised for Lara 's behaviour on Tuesday ."
"physical","9","19","Two goals in the last six minutes gave holders <E1:group> Japan </E1:group> an uninspiring 2-1 Asian Cup victory over <E2:group> Syria </E2:group> on Friday ."
"physical","93","98","Barbarians - 15 - Tim Stimpson ( England ) ; 14 - Nigel Walker ( Wales ) , 13 - Allan Bateman ( Wales ) , 12 - Gregor Townsend ( Scotland ) , 11 - Tony Underwood ( England ) ; 10 - Rob Andrew ( England ) , 9 - Rob Howley ( Wales ) ; 8 - Scott Quinnell ( Wales ) , 7 - Neil Back ( England ) , 6 - Dale McIntosh ( Pontypridd ) , 5 - Ian Jones ( New Zealand ) , 4 - <E1:causal_agent> Craig Quinnell </E1:causal_agent> ( <E2:group> Wales </E2:group> ) , 3 - Darren Garforth ( Leicester ) , 2 - Norm Hewitt ( New Zealand ) , 1 - Nick Popplewell ( Ireland ) ."
"role","16","20","China controlled most of the match and saw several chances missed until the 78th minute when <E1:assorted> Uzbek striker </E1:assorted> <E2:causal_agent> Igor Shkvyrin </E2:causal_agent> took advantage of a misdirected defensive header to lob the ball over the advancing Chinese keeper and into an empty net ."
"role","3","14","On tour , <E1:group> Australia </E1:group> have won all four tests against Italy , <E2:group> Scotland </E2:group> , Ireland and Wales , and scored 414 points at an average of almost 35 points a game ."
"temporal","64","0","<E2:group> Australia </E2:group> - 15 - Matthew Burke ; 14 - Joe Roff , 13 - Daniel Herbert , 12 - Tim Horan ( captain ) , 11 - David Campese ; 10 - Pat Howard , 9 - Sam Payne ; 8 - Michael Brial , 7 - David Wilson , 6 - Owen Finegan , 5 - David Giffin , 4 - <E1:causal_agent> Tim Gavin </E1:causal_agent> , 3 - Andrew Blades , 2 - Marco Caputo , 1 - Dan Crowley ."
"role","95","0","<E2:group> Barbarians </E2:group> - 15 - Tim Stimpson ( England ) ; 14 - Nigel Walker ( Wales ) , 13 - Allan Bateman ( Wales ) , 12 - Gregor Townsend ( Scotland ) , 11 - Tony Underwood ( England ) ; 10 - Rob Andrew ( England ) , 9 - Rob Howley ( Wales ) ; 8 - Scott Quinnell ( Wales ) , 7 - Neil Back ( England ) , 6 - Dale McIntosh ( Pontypridd ) , 5 - Ian Jones ( New Zealand ) , 4 - <E1:causal_agent> Craig Quinnell </E1:causal_agent> ( Wales ) , 3 - Darren Garforth ( Leicester ) , 2 - Norm Hewitt ( New Zealand ) , 1 - Nick Popplewell ( Ireland ) ."
"role","48","0","<E2:group> Japan </E2:group> : 19 - Kenichi Shimokawa , 2 - Hiroshige Yanagimoto , 3 - Naoki Soma , 4 - Masami Ihara , 5 - Norio Omura , 6 - Motohiro Yamaguchi , 8 - Masakiyo Maezono ( 7 - Yasuto Honda 71 ) , 9 - <E1:causal_agent> Takuya Takagi </E1:causal_agent> , 10 - Hiroshi Nanami , 11 - Kazuyoshi Miura , 15 - Hiroaki Morishima ( 14 - Masayuki Okano 75 ) ."
"physical","22","29","Midfielder Valentin Stefan and striker Viorel Ion of Otelul Galati and defender Liviu Ciobotariu of National Bucharest are the newcomers for the <E1:assorted> European group eight </E1:assorted> clash in <E2:object> Macedonia </E2:object> on December 14 ."
"physical","0","14","<E1:group> West Indies </E1:group> were all out for 172 off 49.2 overs in the <E2:assorted> World Series </E2:assorted> limited overs match against Australia on Friday ."
"physical","5","0","<E2:group> West Indies </E2:group> batsman <E1:causal_agent> Brian Lara </E1:causal_agent> suffered another blow to his Australian tour , after already being disciplined for misconduct , when he was dismissed cheaply in the first limited overs match against Australia on Friday ."
"physical","0","8","<E1:group> Japan </E1:group> then laid siege to the <E2:assorted> Syrian penalty area </E2:assorted> and had a goal disallowed for offside in the 16th minute ."
"general-affiliation","4","8","limited overs match between <E1:object> Australia </E1:object> and <E2:object> West Indies </E2:object> on Friday :"
"physical","0","29","<E1:group> West Indies </E1:group> captain Courtney Walsh elected to bat after winning the toss in the first match in the World Series limited overs competition against Australia at the <E2:object> Melbourne Cricket Ground </E2:object> on Friday ."
"physical","6","0","<E2:group> Barbarians </E2:group> - 15 - <E1:causal_agent> Tim Stimpson </E1:causal_agent> ( England ) ; 14 - Nigel Walker ( Wales ) , 13 - Allan Bateman ( Wales ) , 12 - Gregor Townsend ( Scotland ) , 11 - Tony Underwood ( England ) ; 10 - Rob Andrew ( England ) , 9 - Rob Howley ( Wales ) ; 8 - Scott Quinnell ( Wales ) , 7 - Neil Back ( England ) , 6 - Dale McIntosh ( Pontypridd ) , 5 - Ian Jones ( New Zealand ) , 4 - Craig Quinnell ( Wales ) , 3 - Darren Garforth ( Leicester ) , 2 - Norm Hewitt ( New Zealand ) , 1 - Nick Popplewell ( Ireland ) ."
"role","0","17","<E1:group> West Indies </E1:group> were 53 for two in 15 overs when rain stopped play at the <E2:object> Melbourne Cricket Ground </E2:object> after captain Courtney Walsh won the toss and elected to bat ."
"related-to","0","9","<E1:causal_agent> Allan Budi Kuksuma </E1:causal_agent> ( Indonesia ) beat <E2:causal_agent> Poul-Erik Hoyer-Larsen </E2:causal_agent> ( Denmark ) 15-7 15-4"
"physical","22","0","<E2:group> Barbarians </E2:group> - 15 - Tim Stimpson ( England ) ; 14 - Nigel Walker ( Wales ) , 13 - <E1:causal_agent> Allan Bateman </E1:causal_agent> ( Wales ) , 12 - Gregor Townsend ( Scotland ) , 11 - Tony Underwood ( England ) ; 10 - Rob Andrew ( England ) , 9 - Rob Howley ( Wales ) ; 8 - Scott Quinnell ( Wales ) , 7 - Neil Back ( England ) , 6 - Dale McIntosh ( Pontypridd ) , 5 - Ian Jones ( New Zealand ) , 4 - Craig Quinnell ( Wales ) , 3 - Darren Garforth ( Leicester ) , 2 - Norm Hewitt ( New Zealand ) , 1 - Nick Popplewell ( Ireland ) ."
"physical","34","4","League duties restricted the <E2:group> Barbarians </E2:group> ' selectorial options but they still boast 13 internationals including England full-back Tim Stimpson and recalled wing Tony Underwood , plus All Black forwards Ian Jones and <E1:causal_agent> Norm Hewitt </E1:causal_agent> ."
"physical","43","48","Leading second round scores in the Zimbabwe Open at the par-72 Chapman Golf Club on Friday ( South African unless stated ) : 132 Des Terblanche 65 67 133 Mark McNulty ( Zimbabwe ) 72 61 134 Steve van Vuuren 65 69 136 <E1:causal_agent> Nick Price </E1:causal_agent> ( <E2:object> Zimbabwe </E2:object> ) 68 68 , Justin Hobday 71 65 ,"
"physical","8","13","Andrew Pitts ( U.S. ) 69 67 138 <E1:causal_agent> Mark Cayeux </E1:causal_agent> ( <E2:object> Zimbabwe </E2:object> ) 69 69 , Mark Murless 71 67 139 Hennie Swart 75 64 , Andrew Park 72 67 140 Schalk van der Merwe ( Namibia ) 67 73 , Desvonde"
"role","0","8","<E1:causal_agent> Sun Jun </E1:causal_agent> ( China ) beat <E2:causal_agent> Rashid Sidek </E2:causal_agent> ( Malaysia ) 15-12 17-14"
"physical","1","6","8. <E1:causal_agent> Elena Koroleva </E1:causal_agent> ( <E2:group> Russia </E2:group> ) 21.77"
"physical","13","0","<E2:group> Australia </E2:group> - Mark Taylor ( captain ) , Mark Waugh , <E1:causal_agent> Ricky Ponting </E1:causal_agent> , Greg Blewett , Michael Bevan , Stuart Law , Tom Moody , Ian Healy , Paul Reiffel , Shane Warne , Jason Gillespie , Glenn McGrath 12th man ."
"physical","1","24","Midfielder <E1:causal_agent> Valentin Stefan </E1:causal_agent> and striker Viorel Ion of Otelul Galati and defender Liviu Ciobotariu of National Bucharest are the newcomers for the <E2:assorted> European group eight </E2:assorted> clash in Macedonia on December 14 ."
"physical","0","17","<E1:group> Japan </E1:group> began the defence of their Asian Cup title with a lucky 2-1 win against <E2:group> Syria </E2:group> in a Group C championship match on Friday ."
"physical","0","4","<E1:object> TIGNES </E1:object> , <E2:group> France </E2:group> 1996-12-06"
"physical","2","21","Dutch forward <E1:causal_agent> Reggie Blinker </E1:causal_agent> had his indefinite suspension lifted by FIFA on Friday and was set to make his <E2:group> Sheffield Wednesday </E2:group> comeback against Liverpool on Saturday ."
"role","0","18","<E1:group> Romania </E1:group> trainer Anghel Iordanescu called up three uncapped players on Friday in his squad to face <E2:group> Macedonia </E2:group> next week in a World Cup qualifier ."
"physical","0","25","<E1:causal_agent> Stefano Bordon </E1:causal_agent> is out through illness and Coste said he had dropped back row Corrado Covi , who had been recalled for the <E2:group> England </E2:group> game after five years out of the national team ."
"physical","74","0","<E2:group> Australia </E2:group> - 15 - Matthew Burke ; 14 - Joe Roff , 13 - Daniel Herbert , 12 - Tim Horan ( captain ) , 11 - David Campese ; 10 - Pat Howard , 9 - Sam Payne ; 8 - Michael Brial , 7 - David Wilson , 6 - Owen Finegan , 5 - David Giffin , 4 - Tim Gavin , 3 - Andrew Blades , 2 - <E1:causal_agent> Marco Caputo </E1:causal_agent> , 1 - Dan Crowley ."
"physical","53","6","Leading second round scores in the <E2:assorted> Zimbabwe Open </E2:assorted> at the par-72 Chapman Golf Club on Friday ( South African unless stated ) : 132 Des Terblanche 65 67 133 Mark McNulty ( Zimbabwe ) 72 61 134 Steve van Vuuren 65 69 136 Nick Price ( Zimbabwe ) 68 68 , <E1:causal_agent> Justin Hobday </E1:causal_agent> 71 65 ,"
"role","0","5","<E1:causal_agent> Susi Susanti </E1:causal_agent> ( <E2:group> Indonesia </E2:group> ) beat Han Jingna ( China ) 11-5 11-4 ."
"physical","5","19","Pakistan , who arrive in <E1:group> Australia </E1:group> later this month , are the other team competing in the <E2:assorted> World Series </E2:assorted> tournament ."
"physical","10","15","68 , Trevor Dodds ( Namibia ) 72 69 142 <E1:causal_agent> Don Robertson </E1:causal_agent> ( <E2:object> U.S. </E2:object> ) 73 69 , Dion Fourie 69 73 ,"
"physical","0","5","<E1:causal_agent> Andrew Pitts </E1:causal_agent> ( <E2:object> U.S. </E2:object> ) 69 67 138 Mark Cayeux ( Zimbabwe ) 69 69 , Mark Murless 71 67 139 Hennie Swart 75 64 , Andrew Park 72 67 140 Schalk van der Merwe ( Namibia ) 67 73 , Desvonde"
"origin","31","4","League duties restricted the <E2:group> Barbarians </E2:group> ' selectorial options but they still boast 13 internationals including England full-back Tim Stimpson and recalled wing Tony Underwood , plus All Black forwards <E1:causal_agent> Ian Jones </E1:causal_agent> and Norm Hewitt ."
"role","34","0","<E2:group> Australia </E2:group> - 15 - Matthew Burke ; 14 - Joe Roff , 13 - Daniel Herbert , 12 - Tim Horan ( captain ) , 11 - David Campese ; 10 - <E1:causal_agent> Pat Howard </E1:causal_agent> , 9 - Sam Payne ; 8 - Michael Brial , 7 - David Wilson , 6 - Owen Finegan , 5 - David Giffin , 4 - Tim Gavin , 3 - Andrew Blades , 2 - Marco Caputo , 1 - Dan Crowley ."
"general-affiliation","31","6","Leading second round scores in the <E2:assorted> Zimbabwe Open </E2:assorted> at the par-72 Chapman Golf Club on Friday ( South African unless stated ) : 132 Des Terblanche 65 67 133 <E1:causal_agent> Mark McNulty </E1:causal_agent> ( Zimbabwe ) 72 61 134 Steve van Vuuren 65 69 136 Nick Price ( Zimbabwe ) 68 68 , Justin Hobday 71 65 ,"
"physical","19","25","Takuya Takagi scored the winner in the 88th minute , rising to head a Hiroshige Yanagimoto cross towards the <E1:assorted> Syrian goal </E1:assorted> which goalkeeper <E2:causal_agent> Salem Bitar </E2:causal_agent> appeared to have covered but then allowed to slip into the net ."
"physical","6","12","Indra Wijaya ( Indonesia ) beat <E1:causal_agent> Ong Ewe Hock </E1:causal_agent> ( <E2:group> Malaysia </E2:group> ) 5-15 15-11 15-11"
"physical","3","12","West Indies batsman <E1:causal_agent> Brian Lara </E1:causal_agent> suffered another blow to his <E2:assorted> Australian tour </E2:assorted> , after already being disciplined for misconduct , when he was dismissed cheaply in the first limited overs match against Australia on Friday ."
"role","8","0","<E2:group> West Indies </E2:group> - Sherwin Campbell , <E1:causal_agent> Robert Samuels </E1:causal_agent> , Brian Lara , Shivnarine Chanderpaul , Carl Hooper , Jimmy Adams , Junior Murray , Nixon McLean , Kenneth Benjamin , Curtly Ambrose , Courtney Walsh ( captain ) , Roland Holder 12th man ."
"related-to","31","44","The Wallabies have their sights set on a 13th successive victory to end their European tour with a 100 percent record but also want to turn on the style and provide <E1:causal_agent> David Campese </E1:causal_agent> with a fitting send-off in his final match in <E2:assorted> Australian colours </E2:assorted> ."
"role","20","12","West Indies were all out for 172 off 49.2 overs in the <E2:assorted> World Series </E2:assorted> limited overs match against <E1:group> Australia </E1:group> on Friday ."
"role","12","32","Campese will be up against a familiar foe in the shape of <E1:group> Barbarians </E1:group> captain Rob Andrew , the man who kicked Australia to defeat with a last-ditch drop-goal in the <E2:assorted> World Cup </E2:assorted> quarter-final in Cape Town ."
"physical","12","24","Midfielder Valentin Stefan and striker Viorel Ion of Otelul Galati and defender <E1:causal_agent> Liviu Ciobotariu </E1:causal_agent> of National Bucharest are the newcomers for the <E2:assorted> European group eight </E2:assorted> clash in Macedonia on December 14 ."
"general-affiliation","0","4","<E1:group> Charleroi </E1:group> ( <E2:group> Belgium </E2:group> ) 9 0 9 9"
"physical","33","1","The <E2:group> Wallabies </E2:group> have their sights set on a 13th successive victory to end their European tour with a 100 percent record but also want to turn on the style and provide <E1:causal_agent> David Campese </E1:causal_agent> with a fitting send-off in his final match in Australian colours ."
"physical","5","10","SOCCER - LATE GOALS GIVE <E1:group> JAPAN </E1:group> WIN OVER <E2:group> SYRIA </E2:group> ."
"physical","46","0","<E2:group> Barbarians </E2:group> - 15 - Tim Stimpson ( England ) ; 14 - Nigel Walker ( Wales ) , 13 - Allan Bateman ( Wales ) , 12 - Gregor Townsend ( Scotland ) , 11 - Tony Underwood ( England ) ; 10 - <E1:causal_agent> Rob Andrew </E1:causal_agent> ( England ) , 9 - Rob Howley ( Wales ) ; 8 - Scott Quinnell ( Wales ) , 7 - Neil Back ( England ) , 6 - Dale McIntosh ( Pontypridd ) , 5 - Ian Jones ( New Zealand ) , 4 - Craig Quinnell ( Wales ) , 3 - Darren Garforth ( Leicester ) , 2 - Norm Hewitt ( New Zealand ) , 1 - Nick Popplewell ( Ireland ) ."
"role","0","16","<E1:object> Australia </E1:object> , who hold a 2-0 lead in the five-match test series , overhauled <E2:object> West Indies </E2:object> ' total of 172 all out with eight balls to spare to end a run of six successive one-day defeats ."
"physical","1","6","5. <E1:causal_agent> Ann Battellle </E1:causal_agent> ( <E2:group> U.S. </E2:group> ) 23.56"
"physical","0","19","<E1:group> Pakistan </E1:group> , who arrive in Australia later this month , are the other team competing in the <E2:assorted> World Series </E2:assorted> tournament ."
"temporal","4","9","Barbarians - 15 - <E1:causal_agent> Tim Stimpson </E1:causal_agent> ( <E2:group> England </E2:group> ) ; 14 - Nigel Walker ( Wales ) , 13 - Allan Bateman ( Wales ) , 12 - Gregor Townsend ( Scotland ) , 11 - Tony Underwood ( England ) ; 10 - Rob Andrew ( England ) , 9 - Rob Howley ( Wales ) ; 8 - Scott Quinnell ( Wales ) , 7 - Neil Back ( England ) , 6 - Dale McIntosh ( Pontypridd ) , 5 - Ian Jones ( New Zealand ) , 4 - Craig Quinnell ( Wales ) , 3 - Darren Garforth ( Leicester ) , 2 - Norm Hewitt ( New Zealand ) , 1 - Nick Popplewell ( Ireland ) ."
"physical","1","6","5. <E1:causal_agent> Korneilus Hole </E1:causal_agent> ( <E2:group> Norway </E2:group> ) 23.92"
"related-to","0","5","<E1:group> RUGBY UNION </E1:group> - <E2:causal_agent> CUTTITTA </E2:causal_agent> BACK FOR ITALY AFTER A YEAR ."
"physical","19","15","League duties restricted the Barbarians ' selectorial options but they still boast 13 internationals including <E2:group> England </E2:group> full-back <E1:causal_agent> Tim Stimpson </E1:causal_agent> and recalled wing Tony Underwood , plus All Black forwards Ian Jones and Norm Hewitt ."
"role","0","5","<E1:causal_agent> Chen Gang </E1:causal_agent> ( <E2:group> China </E2:group> ) beat Martin Londgaard Hansen ( Denmark ) 15-12 15-6"
"role","10","0","<E2:group> Australia </E2:group> - Mark Taylor ( captain ) , <E1:causal_agent> Mark Waugh </E1:causal_agent> , Ricky Ponting , Greg Blewett , Michael Bevan , Stuart Law , Tom Moody , Ian Healy , Paul Reiffel , Shane Warne , Jason Gillespie , Glenn McGrath 12th man ."
"physical","30","36","Campese will be up against a familiar foe in the shape of Barbarians captain Rob Andrew , the man who kicked Australia to defeat with a last-ditch drop-goal in the <E1:assorted> World Cup </E1:assorted> quarter-final in <E2:object> Cape Town </E2:object> ."
"named","6","11","Semifinals ( on Saturday ) : <E1:causal_agent> Susi Susanti </E1:causal_agent> ( <E2:group> Indonesia </E2:group> ) v Camilla Martin ( Denmark ) ; Ye Zhaoying ( China ) v Gong Zichao ( China ) ."
"physical","0","14","<E1:group> Australia </E1:group> gave Brian Lara another reason to be miserable when they beat <E2:group> West Indies </E2:group> by five wickets in the opening World Series limited overs match on Friday ."
"physical","63","0","<E2:group> Japan </E2:group> : 19 - Kenichi Shimokawa , 2 - Hiroshige Yanagimoto , 3 - Naoki Soma , 4 - Masami Ihara , 5 - Norio Omura , 6 - Motohiro Yamaguchi , 8 - Masakiyo Maezono ( 7 - Yasuto Honda 71 ) , 9 - Takuya Takagi , 10 - Hiroshi Nanami , 11 - Kazuyoshi Miura , 15 - <E1:causal_agent> Hiroaki Morishima </E1:causal_agent> ( 14 - Masayuki Okano 75 ) ."
"part-of","6","11","Budi Santoso ( Indonesia ) beat <E1:causal_agent> Hu Zhilan </E1:causal_agent> ( <E2:group> China </E2:group> ) 15-4 15-5"
"physical","12","2","Dutch forward <E2:causal_agent> Reggie Blinker </E2:causal_agent> had his indefinite suspension lifted by <E1:group> FIFA </E1:group> on Friday and was set to make his Sheffield Wednesday comeback against Liverpool on Saturday ."
"role","5","11","Hosts UAE play Kuwait and <E1:group> South Korea </E1:group> take on <E2:group> Indonesia </E2:group> on Saturday in Group A matches ."
"general-affiliation","3","16","On tour , <E1:group> Australia </E1:group> have won all four tests against Italy , Scotland , <E2:group> Ireland </E2:group> and Wales , and scored 414 points at an average of almost 35 points a game ."
"part-of","36","0","<E2:group> China </E2:group> controlled most of the match and saw several chances missed until the 78th minute when Uzbek striker Igor Shkvyrin took advantage of a misdirected defensive header to lob the ball over the advancing <E1:assorted> Chinese keeper </E1:assorted> and into an empty net ."
"physical","1","6","8. <E1:causal_agent> Dominick Gauthier </E1:causal_agent> ( <E2:group> Canada </E2:group> ) 22.73"
"general-affiliation","0","4","<E1:group> Barcelona </E1:group> ( <E2:group> Spain </E2:group> ) 9 4 5 13"
"physical","0","4","<E1:group> Ljubljana </E1:group> ( <E2:group> Slovenia </E2:group> ) 9 6 3 15"
"physical","6","11","Gong Zhichao ( China ) beat <E1:causal_agent> Mia Audina </E1:causal_agent> ( <E2:group> Indonesia </E2:group> ) 11-2 12-10"
"physical","0","21","<E1:causal_agent> Lara </E1:causal_agent> , who holds the record for the highest score in test and first-class cricket , was unhappy about <E2:causal_agent> Healy </E2:causal_agent> 's role in the incident and questioned whether the ball had carried to the Australia keeper ."
"physical","0","6","<E1:group> Leeds </E1:group> had already fined <E2:causal_agent> Bowyer </E2:causal_agent> 4,000 pounds ( $ 6,600 ) and warned him a repeat of his criminal behaviour could cost him his place in the side ."
"physical","6","0","<E2:group> Syria </E2:group> : 24 - <E1:causal_agent> Salem Bitar </E1:causal_agent> , 3 - Bachar Srour ; 4 - Hassan Abbas , 5 - Tarek Jabban , 6 - Ammar Awad ( 9 - Louay Taleb 69 ) , 8 - Nihad al-Boushi , 10 - Mohammed Afash , 12 - Ali Dib , 13 - Abdul Latif Helou ( 17 - Ammar Rihawiy 46 ) , 14 - Khaled Zaher ; 16 - Nader Jokhadar ."
"physical","26","37",""" Campo has a massive following in this country and has had the public with him ever since he first played here in 1984 , "" <E1:causal_agent> said </E1:causal_agent> Andrew , also likely to be making his <E2:object> final </E2:object> Twickenham appearance ."
"physical","5","10","Midfielder Valentin Stefan and striker <E1:causal_agent> Viorel Ion </E1:causal_agent> of <E2:group> Otelul Galati </E2:group> and defender Liviu Ciobotariu of National Bucharest are the newcomers for the European group eight clash in Macedonia on December 14 ."
"named","0","8","<E1:causal_agent> Susi Susanti </E1:causal_agent> ( Indonesia ) beat <E2:causal_agent> Han Jingna </E2:causal_agent> ( China ) 11-5 11-4 ."
"physical","0","23","<E1:group> Romania </E1:group> trainer Anghel Iordanescu called up three uncapped players on Friday in his squad to face Macedonia next week in a <E2:assorted> World Cup </E2:assorted> qualifier ."
"physical","2","13","CRICKET - <E1:group> WEST INDIES </E1:group> 172 ALL OUT IN 49.2 OVERS V <E2:group> AUSTRALIA </E2:group> ."
"physical","3","18","On tour , <E1:group> Australia </E1:group> have won all four tests against Italy , Scotland , Ireland and <E2:group> Wales </E2:group> , and scored 414 points at an average of almost 35 points a game ."
"physical","0","5","<E1:group> Stefanel Milan </E1:group> ( <E2:group> Italy </E2:group> ) 9 6 3 15"
"physical","6","0","<E2:group> Australia </E2:group> - 15 - <E1:causal_agent> Matthew Burke </E1:causal_agent> ; 14 - Joe Roff , 13 - Daniel Herbert , 12 - Tim Horan ( captain ) , 11 - David Campese ; 10 - Pat Howard , 9 - Sam Payne ; 8 - Michael Brial , 7 - David Wilson , 6 - Owen Finegan , 5 - David Giffin , 4 - Tim Gavin , 3 - Andrew Blades , 2 - Marco Caputo , 1 - Dan Crowley ."
"physical","6","11","Semifinals ( on Saturday ) : <E1:causal_agent> Fung Permadi </E1:causal_agent> ( <E2:group> Taiwan </E2:group> ) v Indra"
"general-affiliation","31","0","<E2:group> Australia </E2:group> - Mark Taylor ( captain ) , Mark Waugh , Ricky Ponting , Greg Blewett , Michael Bevan , Stuart Law , Tom Moody , Ian Healy , <E1:causal_agent> Paul Reiffel </E1:causal_agent> , Shane Warne , Jason Gillespie , Glenn McGrath 12th man ."
"physical","0","4","<E1:group> Japan </E1:group> 2 <E2:group> Syria </E2:group> 1 ( halftime 0-1 )"
"physical","0","4","<E1:group> Olympiakos </E1:group> ( <E2:group> Greece </E2:group> ) 9 5 4 14"
"general-affiliation","26","0","<E2:group> Syria </E2:group> : 24 - Salem Bitar , 3 - Bachar Srour ; 4 - Hassan Abbas , 5 - Tarek Jabban , 6 - <E1:causal_agent> Ammar Awad </E1:causal_agent> ( 9 - Louay Taleb 69 ) , 8 - Nihad al-Boushi , 10 - Mohammed Afash , 12 - Ali Dib , 13 - Abdul Latif Helou ( 17 - Ammar Rihawiy 46 ) , 14 - Khaled Zaher ; 16 - Nader Jokhadar ."
"physical","0","5","<E1:group> Cibona Zagreb </E1:group> ( <E2:group> Croatia </E2:group> ) 9 5 4 14"
"physical","2","11","Australia beat <E1:group> West Indies </E1:group> by five wickets in a <E2:assorted> World Series </E2:assorted> limited overs match at the Melbourne Cricket Ground on Friday ."
"physical","0","4","<E1:object> HOBART </E1:object> , <E2:group> Australia </E2:group> 1996-12-06"
"physical","0","11","<E1:group> FIFA </E1:group> 's players ' status committee , meeting in <E2:object> Barcelona </E2:object> , decided that although the Udinese document was basically valid , it could not be legally protected ."
"physical","1","10","Midfielder <E1:causal_agent> Valentin Stefan </E1:causal_agent> and striker Viorel Ion of <E2:group> Otelul Galati </E2:group> and defender Liviu Ciobotariu of National Bucharest are the newcomers for the European group eight clash in Macedonia on December 14 ."
"physical","0","5","<E1:group> Teamsystem Bologna </E1:group> ( <E2:group> Italy </E2:group> ) 9 7 2 16"
"part-of","6","10","Ye Zhaoying ( China ) beat <E1:causal_agent> Meiluawati </E1:causal_agent> ( <E2:group> Indonesia </E2:group> ) 11-6 12-10"
"physical","14","8","Score on the first day of the four-day <E2:assorted> Sheffield Shield </E2:assorted> match between <E1:object> Tasmania </E1:object> and Victoria at Bellerive Oval on Friday :"
"physical","0","5","<E1:group> Ulker Spor </E1:group> ( <E2:group> Turkey </E2:group> ) 9 4 5 13"
"physical","6","11","Sun Jun ( China ) beat <E1:causal_agent> Rashid Sidek </E1:causal_agent> ( <E2:group> Malaysia </E2:group> ) 15-12 17-14"
"physical","54","0","<E2:group> Australia </E2:group> - 15 - Matthew Burke ; 14 - Joe Roff , 13 - Daniel Herbert , 12 - Tim Horan ( captain ) , 11 - David Campese ; 10 - Pat Howard , 9 - Sam Payne ; 8 - Michael Brial , 7 - David Wilson , 6 - <E1:causal_agent> Owen Finegan </E1:causal_agent> , 5 - David Giffin , 4 - Tim Gavin , 3 - Andrew Blades , 2 - Marco Caputo , 1 - Dan Crowley ."
"physical","26","29","Little has opted not to risk aggravating the knee injury which ruled him out of a large chunk of the tour and is replaced by fellow <E1:assorted> Queenslander </E1:assorted> <E2:causal_agent> Daniel Herbert </E2:causal_agent> ."
"role","60","65","Barbarians - 15 - Tim Stimpson ( England ) ; 14 - Nigel Walker ( Wales ) , 13 - Allan Bateman ( Wales ) , 12 - Gregor Townsend ( Scotland ) , 11 - Tony Underwood ( England ) ; 10 - Rob Andrew ( England ) , 9 - Rob Howley ( Wales ) ; 8 - <E1:causal_agent> Scott Quinnell </E1:causal_agent> ( <E2:group> Wales </E2:group> ) , 7 - Neil Back ( England ) , 6 - Dale McIntosh ( Pontypridd ) , 5 - Ian Jones ( New Zealand ) , 4 - Craig Quinnell ( Wales ) , 3 - Darren Garforth ( Leicester ) , 2 - Norm Hewitt ( New Zealand ) , 1 - Nick Popplewell ( Ireland ) ."
"part-of","8","17","Tour manager Clive Lloyd on Wednesday apologised for <E1:causal_agent> Lara </E1:causal_agent> 's behaviour in confronting Australia coach <E2:causal_agent> Geoff Marsh </E2:causal_agent> in the opposition dressing room to protest against his dismissal in the second test on Tuesday ."
"part-of","2","6","CRICKET - <E1:group> AUSTRALIA </E1:group> BEAT <E2:group> WEST INDIES </E2:group> BY FIVE WICKETS ."
